Time,Temperature °C,Humidity %,pTemperature °C,pressure,Lux
2021-09-18 19:41:51.882546,22,65,22.83,1018.147,910.8333
2021-09-18 19:41:57.076730,22,66,22.83,1018.15,910.8333
2021-09-18 19:42:02.193725,22,65,22.83,1018.155,910.8333
2021-09-18 19:42:07.314064,22,65,22.83,1018.151,913.3333
2021-09-18 19:42:12.412021,22,65,22.83,1018.143,910.8333
2021-09-18 19:42:17.495945,22,65,22.83,1018.14,911.6666
2021-09-18 19:42:22.665760,22,66,22.83,1018.135,911.6666
2021-09-18 19:42:27.788991,22,66,22.83,1018.135,911.6666
2021-09-18 19:42:32.913797,22,66,22.83,1018.143,911.6666
2021-09-18 19:42:37.996646,22,65,22.83,1018.14,911.6666
2021-09-18 19:42:43.150657,22,64,22.83,1018.13,911.6666
2021-09-18 19:42:48.266437,22,63,22.83,1018.128,911.6666
2021-09-18 19:42:53.363917,22,62,22.83,1018.13,911.6666
2021-09-18 19:42:58.448286,22,62,22.83,1018.135,911.6666
2021-09-18 19:43:03.634204,22,62,22.83,1018.143,912.4999
2021-09-18 19:43:08.742835,22,62,22.83,1018.141,912.4999
2021-09-18 19:43:13.870532,22,62,22.83,1018.14,911.6666
2021-09-18 19:43:18.990019,22,63,22.83,1018.14,911.6666
2021-09-18 19:43:24.102413,22,62,22.83,1018.135,912.4999
2021-09-18 19:43:29.224313,22,63,22.83,1018.126,911.6666
2021-09-18 19:43:34.343139,22,63,22.83,1018.133,912.4999
2021-09-18 19:43:39.442459,22,63,22.82,1018.138,912.4999
2021-09-18 19:43:44.538810,22,63,22.82,1018.146,911.6666
2021-09-18 19:43:49.711682,22,63,22.82,1018.149,911.6666
2021-09-18 19:43:54.819778,22,63,22.83,1018.149,911.6666
2021-09-18 19:43:59.952718,22,63,22.83,1018.156,911.6666
2021-09-18 19:44:05.038535,22,63,22.82,1018.162,911.6666
2021-09-18 19:44:10.193696,22,63,22.82,1018.155,912.4999
2021-09-18 19:44:15.312878,22,63,22.82,1018.15,912.4999
2021-09-18 19:44:20.403725,22,62,22.82,1018.155,912.4999
2021-09-18 19:44:25.505721,22,62,22.82,1018.161,912.4999
2021-09-18 19:44:30.669316,22,63,22.82,1018.168,912.4999
2021-09-18 19:44:35.791917,22,63,22.82,1018.17,912.4999
2021-09-18 19:44:40.914103,22,63,22.82,1018.167,912.4999
2021-09-18 19:44:46.031282,22,63,22.82,1018.174,913.3333
2021-09-18 19:44:51.153725,22,63,22.82,1018.181,912.4999
2021-09-18 19:44:56.253730,22,63,22.82,1018.182,913.3333
2021-09-18 19:45:01.353844,22,63,22.82,1018.182,912.4999
2021-09-18 19:45:06.445541,22,63,22.82,1018.17,913.3333
2021-09-18 19:45:11.628058,22,63,22.82,1018.163,912.4999
2021-09-18 19:45:16.749864,22,63,22.82,1018.16,913.3333
2021-09-18 19:45:21.868939,22,63,22.82,1018.163,913.3333
2021-09-18 19:45:26.984890,22,63,22.82,1018.17,912.4999
2021-09-18 19:45:32.119156,22,64,22.82,1018.175,913.3333
2021-09-18 19:45:37.245821,22,64,22.82,1018.177,912.4999
2021-09-18 19:45:42.350065,22,63,22.82,1018.181,912.4999
2021-09-18 19:45:47.455868,22,64,22.82,1018.19,912.4999
2021-09-18 19:45:52.545143,22,63,22.83,1018.199,913.3333
2021-09-18 19:45:57.715857,22,64,22.82,1018.2,913.3333
2021-09-18 19:46:02.833787,22,65,22.82,1018.202,912.4999
2021-09-18 19:46:07.952782,22,65,22.83,1018.204,914.1666
2021-09-18 19:46:13.072734,22,66,22.83,1018.206,911.6666
2021-09-18 19:46:18.197602,22,66,22.83,1018.211,913.3333
2021-09-18 19:46:23.285478,22,65,22.82,1018.212,912.4999
2021-09-18 19:46:28.376478,22,65,22.82,1018.217,913.3333
2021-09-18 19:46:33.463009,22,64,22.82,1018.205,913.3333
2021-09-18 19:46:38.565827,22,64,22.82,1018.197,913.3333
2021-09-18 19:46:43.696111,22,64,22.83,1018.202,914.1666
2021-09-18 19:46:48.799088,22,64,22.83,1018.196,914.1666
2021-09-18 19:46:53.918829,22,64,22.82,1018.2,913.3333
2021-09-18 19:46:59.046892,22,64,22.82,1018.202,913.3333
2021-09-18 19:47:04.175669,22,64,22.82,1018.21,913.3333
2021-09-18 19:47:09.285810,22,64,22.82,1018.215,914.1666
2021-09-18 19:47:14.398837,22,64,22.82,1018.218,914.1666
2021-09-18 19:47:19.521817,22,64,22.82,1018.218,913.3333
2021-09-18 19:47:24.646602,22,64,22.82,1018.217,913.3333
2021-09-18 19:47:29.769708,22,64,22.82,1018.212,914.1666
2021-09-18 19:47:34.892829,22,64,22.82,1018.22,914.1666
2021-09-18 19:47:40.001042,22,65,22.82,1018.217,914.1666
2021-09-18 19:47:45.125071,22,65,22.82,1018.228,913.3333
2021-09-18 19:47:50.217348,22,66,22.82,1018.233,914.1666
2021-09-18 19:47:55.368126,22,66,22.82,1018.238,913.3333
2021-09-18 19:48:00.459309,22,65,22.82,1018.239,914.1666
2021-09-18 19:48:05.600218,22,65,22.81,1018.239,914.1666
2021-09-18 19:48:10.733853,22,65,22.81,1018.243,914.1666
2021-09-18 19:48:15.848105,22,65,22.81,1018.246,914.1666
2021-09-18 19:48:20.968910,22,65,22.81,1018.245,914.1666
2021-09-18 19:48:26.085915,22,64,22.82,1018.246,914.1666
2021-09-18 19:48:31.198928,22,64,22.82,1018.248,914.1666
2021-09-18 19:48:36.332877,22,64,22.82,1018.256,914.1666
2021-09-18 19:48:41.438780,22,64,22.82,1018.251,914.1666
2021-09-18 19:48:46.526504,22,64,22.82,1018.253,914.1666
2021-09-18 19:48:51.686567,22,64,22.82,1018.255,913.3333
2021-09-18 19:48:56.804496,22,64,22.82,1018.254,914.1666
2021-09-18 19:49:01.933992,22,63,22.82,1018.25,914.1666
2021-09-18 19:49:07.021889,22,63,22.82,1018.248,914.9999
2021-09-18 19:49:12.163068,22,63,22.82,1018.246,914.1666
2021-09-18 19:49:17.291930,22,64,22.82,1018.241,914.1666
2021-09-18 19:49:22.386699,22,64,22.82,1018.244,914.9999
2021-09-18 19:49:27.482033,22,63,22.82,1018.248,914.9999
2021-09-18 19:49:32.649020,22,64,22.82,1018.254,914.9999
2021-09-18 19:49:37.769937,22,65,22.82,1018.255,914.9999
2021-09-18 19:49:42.891908,22,67,22.82,1018.257,915.8333
2021-09-18 19:49:48.005917,22,68,22.82,1018.262,914.9999
2021-09-18 19:49:53.123755,22,67,22.82,1018.257,914.9999
2021-09-18 19:49:58.243736,22,66,22.82,1018.263,914.1666
2021-09-18 19:50:03.361566,22,65,22.82,1018.265,914.9999
2021-09-18 19:50:08.460392,22,65,22.82,1018.268,914.9999
2021-09-18 19:50:13.609963,22,65,22.82,1018.27,915.8333
2021-09-18 19:50:18.720331,22,64,22.82,1018.27,914.9999
2021-09-18 19:50:23.851464,22,64,22.82,1018.266,914.9999
2021-09-18 19:50:28.960167,22,64,22.82,1018.267,914.9999
2021-09-18 19:50:34.087947,22,64,22.82,1018.272,914.9999
2021-09-18 19:50:39.204004,22,64,22.82,1018.272,914.9999
2021-09-18 19:50:44.326945,22,64,22.82,1018.269,914.1666
2021-09-18 19:50:49.449890,22,65,22.82,1018.266,914.9999
2021-09-18 19:50:54.569002,22,66,22.82,1018.261,914.9999
2021-09-18 19:50:59.689776,22,65,22.82,1018.263,914.9999
2021-09-18 19:51:04.811029,22,65,22.82,1018.268,914.9999
2021-09-18 19:51:09.925112,22,65,22.82,1018.267,914.9999
2021-09-18 19:51:15.055918,22,65,22.82,1018.274,914.9999
2021-09-18 19:51:20.175548,22,65,22.82,1018.27,914.1666
2021-09-18 19:51:25.298404,22,66,22.82,1018.268,915.8333
2021-09-18 19:51:30.402282,22,66,22.82,1018.265,914.9999
2021-09-18 19:51:35.522387,22,66,22.82,1018.273,914.9999
2021-09-18 19:51:40.650064,22,66,22.82,1018.27,914.9999
2021-09-18 19:51:45.772067,22,65,22.82,1018.266,914.9999
2021-09-18 19:51:50.898996,22,65,22.82,1018.264,914.9999
2021-09-18 19:51:56.007084,22,65,22.82,1018.269,0
2021-09-18 19:52:01.126039,22,65,22.81,1018.263,0
2021-09-18 19:52:06.256824,22,65,22.81,1018.271,0
2021-09-18 19:52:11.367825,22,65,22.81,1018.264,0
2021-09-18 19:52:16.490831,22,65,22.81,1018.264,0
2021-09-18 19:52:21.615086,22,65,22.8,1018.26,0
2021-09-18 19:52:26.734267,22,66,22.8,1018.26,0
2021-09-18 19:52:31.855248,22,66,22.79,1018.259,0
2021-09-18 19:52:36.962302,22,67,22.79,1018.258,0
2021-09-18 19:52:42.086129,22,67,22.79,1018.277,0
2021-09-18 19:52:47.218044,22,66,22.79,1018.273,0
2021-09-18 19:52:52.324692,22,66,22.79,1018.273,0
2021-09-18 19:52:57.447617,22,66,22.79,1018.268,0
2021-09-18 19:53:02.564101,22,66,22.79,1018.271,0
2021-09-18 19:53:07.684321,22,66,22.79,1018.265,0
2021-09-18 19:53:12.809939,22,66,22.78,1018.258,0
2021-09-18 19:53:17.929090,22,66,22.78,1018.254,0
2021-09-18 19:53:23.045152,22,66,22.78,1018.249,0
2021-09-18 19:53:28.162554,22,66,22.78,1018.255,0
2021-09-18 19:53:33.280709,22,67,22.77,1018.255,0
2021-09-18 19:53:38.400122,22,66,22.77,1018.261,0
2021-09-18 19:53:43.540321,22,66,22.77,1018.269,0
2021-09-18 19:53:48.649450,22,65,22.77,1018.279,0
2021-09-18 19:53:53.774507,22,65,22.77,1018.287,0
2021-09-18 19:53:58.883561,22,66,22.77,1018.287,0
2021-09-18 19:54:04.002090,22,66,22.77,1018.285,0
2021-09-18 19:54:09.120253,22,65,22.77,1018.279,0
2021-09-18 19:54:14.254703,22,65,22.76,1018.268,0
2021-09-18 19:54:19.378551,22,65,22.76,1018.263,0
2021-09-18 19:54:24.489202,22,66,22.76,1018.265,0
2021-09-18 19:54:29.614043,22,66,22.76,1018.273,0
2021-09-18 19:54:34.718796,22,67,22.76,1018.27,0
2021-09-18 19:54:39.848803,22,67,22.76,1018.271,0
2021-09-18 19:54:44.971114,22,67,22.76,1018.273,0
2021-09-18 19:54:50.087163,22,66,22.76,1018.269,0
2021-09-18 19:54:55.206793,22,66,22.76,1018.27,0
2021-09-18 19:55:00.326524,22,66,22.76,1018.279,0
2021-09-18 19:55:05.455480,22,66,22.75,1018.287,0
2021-09-18 19:55:10.563297,22,65,22.75,1018.283,0
2021-09-18 19:55:15.687664,22,65,22.75,1018.282,0
2021-09-18 19:55:20.801268,22,65,22.75,1018.287,0
2021-09-18 19:55:25.921923,22,64,22.75,1018.291,0
2021-09-18 19:55:31.044236,22,64,22.75,1018.298,0
2021-09-18 19:55:36.171460,22,63,22.75,1018.297,0
2021-09-18 19:55:41.285040,22,64,22.75,1018.302,0
2021-09-18 19:55:46.409171,22,63,22.75,1018.307,0
2021-09-18 19:55:51.532852,22,64,22.75,1018.309,0
2021-09-18 19:55:56.637704,22,64,22.74,1018.31,0
2021-09-18 19:56:01.760960,22,64,22.74,1018.307,0
2021-09-18 19:56:06.887516,22,64,22.74,1018.302,0
2021-09-18 19:56:12.001096,22,64,22.74,1018.302,0
2021-09-18 19:56:17.129827,22,64,22.74,1018.308,0
2021-09-18 19:56:22.237305,22,64,22.73,1018.309,0
2021-09-18 19:56:27.363455,22,64,22.73,1018.319,0
2021-09-18 19:56:32.488167,22,64,22.73,1018.322,0
2021-09-18 19:56:37.609723,22,64,22.73,1018.327,0
2021-09-18 19:56:42.738415,22,64,22.73,1018.326,0
2021-09-18 19:56:47.821053,22,64,22.73,1018.324,0
2021-09-18 19:56:52.975893,22,64,22.73,1018.32,0
2021-09-18 19:56:58.085191,22,64,22.72,1018.319,0
2021-09-18 19:57:03.207799,22,65,22.72,1018.325,0
2021-09-18 19:57:08.332571,22,65,22.72,1018.328,0
2021-09-18 19:57:13.432906,22,66,22.71,1018.335,0
2021-09-18 19:57:18.518580,22,66,22.71,1018.328,0
2021-09-18 19:57:23.688770,22,66,22.71,1018.327,0
2021-09-18 19:57:28.805219,22,66,22.71,1018.334,0
2021-09-18 19:57:33.927382,22,65,22.7,1018.328,0
2021-09-18 19:57:39.054413,22,65,22.7,1018.333,0
2021-09-18 19:57:44.167866,22,66,22.7,1018.326,0
2021-09-18 19:57:49.292303,22,66,22.7,1018.332,0
2021-09-18 19:57:54.405025,22,66,22.7,1018.336,0
2021-09-18 19:57:59.532226,22,66,22.7,1018.345,0
2021-09-18 19:58:04.638935,22,66,22.69,1018.345,0
2021-09-18 19:58:09.771423,22,66,22.69,1018.345,0
2021-09-18 19:58:14.895898,22,66,22.69,1018.345,0
2021-09-18 19:58:20.011102,22,67,22.69,1018.347,0
2021-09-18 19:58:25.134758,22,66,22.69,1018.352,0
2021-09-18 19:58:30.243937,22,65,22.69,1018.356,0
2021-09-18 19:58:35.377294,22,65,22.68,1018.354,0
2021-09-18 19:58:40.483522,22,66,22.68,1018.35,0
2021-09-18 19:58:45.610265,22,65,22.68,1018.348,0
2021-09-18 19:58:50.724007,22,65,22.68,1018.343,0
2021-09-18 19:58:55.850307,22,65,22.68,1018.343,0
2021-09-18 19:59:00.979304,22,66,22.67,1018.349,0
2021-09-18 19:59:06.085291,22,66,22.67,1018.344,0
2021-09-18 19:59:11.203277,22,66,22.67,1018.339,0
2021-09-18 19:59:16.329322,22,66,22.67,1018.342,0
2021-09-18 19:59:21.448938,22,66,22.67,1018.347,0
2021-09-18 19:59:26.571485,22,67,22.66,1018.35,0
2021-09-18 19:59:31.689976,22,67,22.66,1018.357,0
2021-09-18 19:59:36.805830,22,66,22.66,1018.357,0
2021-09-18 19:59:41.923470,22,66,22.66,1018.357,0
2021-09-18 19:59:47.054567,22,66,22.66,1018.362,0
2021-09-18 19:59:52.168309,22,66,22.66,1018.36,0
2021-09-18 19:59:57.282301,22,66,22.65,1018.355,0
2021-09-18 20:00:02.408713,22,67,22.65,1018.356,0
2021-09-18 20:00:07.532310,22,66,22.65,1018.359,0
2021-09-18 20:00:12.643192,22,66,22.65,1018.357,0
2021-09-18 20:00:17.766849,22,67,22.65,1018.365,0
2021-09-18 20:00:22.891154,22,66,22.65,1018.373,0
2021-09-18 20:00:28.010109,22,66,22.64,1018.37,0
2021-09-18 20:00:33.129342,22,65,22.64,1018.373,0
2021-09-18 20:00:38.250020,22,65,22.64,1018.379,0
2021-09-18 20:00:43.366343,22,65,22.64,1018.376,0
2021-09-18 20:00:48.493416,22,64,22.64,1018.381,0
2021-09-18 20:00:53.614341,22,64,22.64,1018.377,0
2021-09-18 20:00:58.718540,22,64,22.64,1018.382,0
2021-09-18 20:01:03.849176,22,65,22.63,1018.388,0
2021-09-18 20:01:08.959990,22,65,22.63,1018.383,0
2021-09-18 20:01:14.090433,22,65,22.63,1018.393,0
2021-09-18 20:01:19.217289,22,65,22.63,1018.393,0
2021-09-18 20:01:24.337395,22,65,22.63,1018.389,0
2021-09-18 20:01:29.445225,22,64,22.63,1018.391,0
2021-09-18 20:01:34.570384,22,64,22.62,1018.392,0
2021-09-18 20:01:39.700887,22,64,22.62,1018.395,0
2021-09-18 20:01:44.806436,22,64,22.62,1018.41,0
2021-09-18 20:01:49.923994,22,65,22.62,1018.412,0
2021-09-18 20:01:55.044875,22,65,22.62,1018.404,0
2021-09-18 20:02:00.165385,22,65,22.61,1018.396,0
2021-09-18 20:02:05.286492,22,65,22.61,1018.392,0
2021-09-18 20:02:10.407406,22,65,22.61,1018.396,0
2021-09-18 20:02:15.524846,22,65,22.61,1018.392,0
2021-09-18 20:02:20.652478,22,65,22.61,1018.397,0
2021-09-18 20:02:25.774459,22,65,22.61,1018.4,0
2021-09-18 20:02:30.891690,22,65,22.61,1018.4,0
2021-09-18 20:02:36.017370,22,67,22.6,1018.396,0
2021-09-18 20:02:41.125449,22,67,22.6,1018.392,0
2021-09-18 20:02:46.253056,22,66,22.6,1018.397,0
2021-09-18 20:02:51.370421,22,66,22.6,1018.395,0
2021-09-18 20:02:56.492941,22,66,22.59,1018.398,0
2021-09-18 20:03:01.607970,22,66,22.59,1018.396,0
2021-09-18 20:03:06.724750,22,67,22.59,1018.399,0
2021-09-18 20:03:11.862461,22,66,22.59,1018.402,0
2021-09-18 20:03:16.967737,22,67,22.59,1018.407,0
2021-09-18 20:03:22.097676,22,67,22.59,1018.407,0
2021-09-18 20:03:27.217524,22,67,22.59,1018.413,0
2021-09-18 20:03:32.331427,22,67,22.59,1018.418,0
2021-09-18 20:03:37.425537,22,66,22.58,1018.41,0
2021-09-18 20:03:42.514627,22,66,22.58,1018.413,0
2021-09-18 20:03:47.614180,22,66,22.58,1018.411,0
2021-09-18 20:03:52.803473,22,66,22.58,1018.416,0
2021-09-18 20:03:57.922303,22,67,22.58,1018.421,0
2021-09-18 20:04:03.056434,22,66,22.58,1018.417,0
2021-09-18 20:04:08.170099,22,66,22.57,1018.415,0
2021-09-18 20:04:13.289095,22,66,22.57,1018.417,0
2021-09-18 20:04:18.409097,22,66,22.57,1018.421,0
2021-09-18 20:04:23.518829,22,67,22.57,1018.425,0
2021-09-18 20:04:28.604089,22,67,22.57,1018.426,0
2021-09-18 20:04:33.765566,22,67,22.57,1018.431,0
2021-09-18 20:04:38.890629,22,66,22.56,1018.429,0
2021-09-18 20:04:44.017637,22,66,22.56,1018.427,0
2021-09-18 20:04:49.154606,22,67,22.56,1018.428,0
2021-09-18 20:04:54.253500,22,67,22.56,1018.431,0
2021-09-18 20:04:59.365566,22,67,22.56,1018.438,0
2021-09-18 20:05:04.492552,22,68,22.56,1018.444,0
2021-09-18 20:05:09.609278,22,68,22.56,1018.439,0
2021-09-18 20:05:14.730033,22,67,22.55,1018.432,0
2021-09-18 20:05:19.851732,22,67,22.55,1018.435,0
2021-09-18 20:05:24.966688,22,67,22.55,1018.435,0
2021-09-18 20:05:30.097951,22,66,22.54,1018.434,0
2021-09-18 20:05:35.221574,22,65,22.54,1018.429,0
2021-09-18 20:05:40.324893,22,65,22.54,1018.426,0
2021-09-18 20:05:45.456716,22,66,22.54,1018.421,0
2021-09-18 20:05:50.566434,22,66,22.54,1018.42,0
2021-09-18 20:05:55.681684,22,67,22.54,1018.424,0
2021-09-18 20:06:00.802582,22,67,22.54,1018.415,0
2021-09-18 20:06:05.922522,22,66,22.54,1018.42,0
2021-09-18 20:06:11.044441,22,66,22.54,1018.417,0
2021-09-18 20:06:16.168371,22,66,22.53,1018.418,0
2021-09-18 20:06:21.293202,22,66,22.53,1018.423,0
2021-09-18 20:06:26.408333,22,66,22.53,1018.426,0
2021-09-18 20:06:31.501699,22,65,22.53,1018.429,0
2021-09-18 20:06:36.641614,22,66,22.53,1018.429,0
2021-09-18 20:06:41.773048,22,66,22.53,1018.434,0
2021-09-18 20:06:46.881785,22,66,22.53,1018.432,0
2021-09-18 20:06:52.003932,22,66,22.52,1018.43,0
2021-09-18 20:06:57.119836,22,67,22.52,1018.432,0
2021-09-18 20:07:02.252588,22,67,22.52,1018.43,0
2021-09-18 20:07:07.378750,22,67,22.52,1018.436,0
2021-09-18 20:07:12.468452,22,68,22.52,1018.443,0
2021-09-18 20:07:17.616386,22,67,22.52,1018.439,0
2021-09-18 20:07:22.721263,22,67,22.52,1018.432,0
2021-09-18 20:07:27.849776,22,66,22.52,1018.436,0
2021-09-18 20:07:33.015234,22,67,22.52,1018.432,0
2021-09-18 20:07:38.188732,22,68,22.51,1018.434,0
2021-09-18 20:07:43.302227,22,68,22.51,1018.423,0
2021-09-18 20:07:48.389127,22,67,22.51,1018.432,0
2021-09-18 20:07:53.488079,22,67,22.51,1018.442,0
2021-09-18 20:07:58.579979,22,67,22.5,1018.435,0
2021-09-18 20:08:03.694802,22,66,22.5,1018.43,0
2021-09-18 20:08:08.801712,22,66,22.5,1018.435,0
2021-09-18 20:08:13.929742,22,67,22.49,1018.436,0
2021-09-18 20:08:19.050722,22,67,22.49,1018.441,0
2021-09-18 20:08:24.170703,22,67,22.49,1018.447,0
2021-09-18 20:08:29.287458,22,68,22.49,1018.445,0
2021-09-18 20:08:34.414589,22,68,22.49,1018.448,0
2021-09-18 20:08:39.538420,22,68,22.49,1018.442,0
2021-09-18 20:08:44.650199,22,67,22.49,1018.433,0
2021-09-18 20:08:49.765153,22,66,22.48,1018.435,0
2021-09-18 20:08:54.885333,22,66,22.48,1018.431,0
2021-09-18 20:09:00.014462,22,66,22.48,1018.433,0
2021-09-18 20:09:05.131945,22,67,22.48,1018.429,0
2021-09-18 20:09:10.248825,22,67,22.48,1018.436,0
2021-09-18 20:09:15.378006,22,67,22.48,1018.433,0
2021-09-18 20:09:20.473037,22,67,22.48,1018.441,0
2021-09-18 20:09:25.615566,22,67,22.48,1018.441,0
2021-09-18 20:09:30.730838,22,67,22.48,1018.447,0
2021-09-18 20:09:35.848476,22,66,22.48,1018.445,0
2021-09-18 20:09:40.976532,22,66,22.48,1018.444,0
2021-09-18 20:09:46.093412,22,66,22.47,1018.435,0
2021-09-18 20:09:51.212047,22,66,22.47,1018.441,0
2021-09-18 20:09:56.328547,22,66,22.47,1018.44,0
2021-09-18 20:10:01.423273,22,65,22.47,1018.439,0
2021-09-18 20:10:06.516073,22,66,22.47,1018.451,0
2021-09-18 20:10:11.695709,22,66,22.47,1018.459,0
2021-09-18 20:10:16.805865,22,65,22.47,1018.461,0
2021-09-18 20:10:21.942026,22,66,22.47,1018.465,0
2021-09-18 20:10:27.047963,22,66,22.47,1018.454,0
2021-09-18 20:10:32.162749,22,66,22.47,1018.442,0
2021-09-18 20:10:37.285514,22,66,22.47,1018.447,0
2021-09-18 20:10:42.416204,22,65,22.46,1018.457,0
2021-09-18 20:10:47.532720,22,66,22.46,1018.458,0
2021-09-18 20:10:52.654834,22,66,22.46,1018.456,0
2021-09-18 20:10:57.771386,22,66,22.46,1018.451,0
2021-09-18 20:11:02.885909,22,66,22.46,1018.457,0
2021-09-18 20:11:08.017397,22,65,22.46,1018.451,0
2021-09-18 20:11:13.122738,22,64,22.46,1018.451,0
2021-09-18 20:11:18.245581,22,65,22.45,1018.445,0
2021-09-18 20:11:23.371087,22,65,22.45,1018.45,0
2021-09-18 20:11:28.491841,22,66,22.45,1018.452,0
2021-09-18 20:11:33.613024,22,65,22.45,1018.457,0
2021-09-18 20:11:38.729953,22,65,22.45,1018.461,0
2021-09-18 20:11:43.842003,22,66,22.45,1018.461,0
2021-09-18 20:11:48.973864,22,65,22.45,1018.451,0
2021-09-18 20:11:54.092758,22,65,22.45,1018.453,0
2021-09-18 20:11:59.226767,22,65,22.45,1018.458,0
2021-09-18 20:12:04.330936,22,66,22.45,1018.454,0
2021-09-18 20:12:09.450110,22,65,22.45,1018.458,0
2021-09-18 20:12:14.574456,22,65,22.44,1018.453,0
2021-09-18 20:12:19.691470,22,65,22.44,1018.457,0
2021-09-18 20:12:24.807350,22,66,22.44,1018.451,0
2021-09-18 20:12:29.923678,22,66,22.44,1018.451,0
2021-09-18 20:12:35.044858,22,66,22.44,1018.45,0
2021-09-18 20:12:40.176013,22,66,22.44,1018.451,0
2021-09-18 20:12:45.286879,22,67,22.44,1018.453,0
2021-09-18 20:12:50.387999,22,66,22.43,1018.459,0
2021-09-18 20:12:55.473799,22,66,22.43,1018.468,0
2021-09-18 20:13:00.568699,22,65,22.43,1018.459,0
2021-09-18 20:13:05.775845,22,65,22.43,1018.46,0
2021-09-18 20:13:10.891574,22,65,22.43,1018.46,0
2021-09-18 20:13:15.981424,22,65,22.43,1018.458,0
2021-09-18 20:13:21.123510,22,65,22.42,1018.454,0
2021-09-18 20:13:26.255915,22,65,22.42,1018.456,0
2021-09-18 20:13:31.374871,22,65,22.42,1018.456,0
2021-09-18 20:13:36.459870,22,65,22.42,1018.453,0
2021-09-18 20:13:41.607236,22,65,22.42,1018.449,0
2021-09-18 20:13:46.728552,22,65,22.42,1018.453,0
2021-09-18 20:13:51.844028,22,65,22.42,1018.463,0
2021-09-18 20:13:56.961895,22,65,22.42,1018.465,0
2021-09-18 20:14:02.092124,22,66,22.41,1018.465,0
2021-09-18 20:14:07.210257,22,67,22.41,1018.461,0
2021-09-18 20:14:12.329887,22,67,22.41,1018.464,0
2021-09-18 20:14:17.419762,22,66,22.41,1018.464,0
2021-09-18 20:14:22.504943,22,66,22.41,1018.477,0
2021-09-18 20:14:27.604988,22,66,22.4,1018.478,0
2021-09-18 20:14:32.704439,22,65,22.4,1018.493,0
2021-09-18 20:14:37.823395,22,65,22.4,1018.488,0
2021-09-18 20:14:42.946884,22,66,22.4,1018.489,0
2021-09-18 20:14:48.033886,22,66,22.4,1018.492,0
2021-09-18 20:14:53.193162,22,66,22.4,1018.485,0
2021-09-18 20:14:58.311567,22,67,22.39,1018.485,0
2021-09-18 20:15:03.432098,22,67,22.39,1018.49,0
2021-09-18 20:15:08.540893,22,67,22.39,1018.488,0
2021-09-18 20:15:13.666307,22,66,22.39,1018.482,0
2021-09-18 20:15:18.801965,22,66,22.39,1018.479,0
2021-09-18 20:15:23.914343,22,66,22.39,1018.486,0
2021-09-18 20:15:29.028051,22,65,22.39,1018.484,0
2021-09-18 20:15:34.146629,22,66,22.38,1018.479,0
2021-09-18 20:15:39.265884,22,66,22.38,1018.469,0
2021-09-18 20:15:44.400314,22,66,22.38,1018.459,0
2021-09-18 20:15:49.507895,22,67,22.38,1018.464,0
2021-09-18 20:15:54.631376,22,67,22.38,1018.467,0
2021-09-18 20:15:59.745505,22,68,22.38,1018.469,0
2021-09-18 20:16:04.873562,22,67,22.38,1018.469,0
2021-09-18 20:16:09.985341,22,67,22.37,1018.461,0
2021-09-18 20:16:15.107246,22,67,22.38,1018.465,0
2021-09-18 20:16:20.238004,22,67,22.37,1018.469,0
2021-09-18 20:16:25.349858,22,67,22.37,1018.466,0
2021-09-18 20:16:30.474014,22,67,22.37,1018.468,0
2021-09-18 20:16:35.584567,22,67,22.37,1018.464,0
2021-09-18 20:16:40.716950,22,67,22.37,1018.471,0
2021-09-18 20:16:45.828083,22,67,22.37,1018.467,0
2021-09-18 20:16:50.944004,22,66,22.37,1018.473,0
2021-09-18 20:16:56.063972,21,67,22.36,1018.475,0
2021-09-18 20:17:01.185983,21,67,22.36,1018.472,0
2021-09-18 20:17:06.307161,22,67,22.36,1018.468,0
2021-09-18 20:17:11.428001,21,68,22.36,1018.454,0
2021-09-18 20:17:16.546185,21,67,22.36,1018.452,0
2021-09-18 20:17:21.674867,22,66,22.36,1018.45,0
2021-09-18 20:17:26.779004,21,66,22.35,1018.455,0
2021-09-18 20:17:31.895658,22,67,22.35,1018.461,0
2021-09-18 20:17:37.032001,21,67,22.35,1018.464,0
2021-09-18 20:17:42.146062,21,67,22.35,1018.478,0
2021-09-18 20:17:47.267943,21,66,22.35,1018.481,0
2021-09-18 20:17:52.395875,21,67,22.35,1018.487,0
2021-09-18 20:17:57.506053,21,67,22.35,1018.499,0
2021-09-18 20:18:02.621049,22,67,22.35,1018.499,0
2021-09-18 20:18:07.743099,21,68,22.34,1018.497,0
2021-09-18 20:18:12.874182,21,68,22.34,1018.502,0
2021-09-18 20:18:17.991826,21,67,22.34,1018.503,0
2021-09-18 20:18:23.106483,21,67,22.34,1018.5,0
2021-09-18 20:18:28.226361,22,67,22.34,1018.498,0
2021-09-18 20:18:33.354195,21,67,22.34,1018.491,0
2021-09-18 20:18:38.474054,21,67,22.34,1018.494,0
2021-09-18 20:18:43.584201,21,67,22.34,1018.496,0
2021-09-18 20:18:48.733024,21,67,22.34,1018.501,0
2021-09-18 20:18:53.823140,21,68,22.34,1018.496,0
2021-09-18 20:18:58.942099,21,68,22.34,1018.499,0
2021-09-18 20:19:04.062223,21,68,22.34,1018.501,0
2021-09-18 20:19:09.189830,21,68,22.33,1018.5,0
2021-09-18 20:19:14.310710,21,67,22.33,1018.493,0
2021-09-18 20:19:19.433742,21,68,22.33,1018.495,0
2021-09-18 20:19:24.556473,21,68,22.33,1018.493,0
2021-09-18 20:19:29.665537,21,68,22.33,1018.496,0
2021-09-18 20:19:34.787307,21,68,22.33,1018.501,0
2021-09-18 20:19:39.903387,21,69,22.32,1018.505,0
2021-09-18 20:19:45.023492,21,69,22.32,1018.514,0
2021-09-18 20:19:50.150249,21,68,22.32,1018.515,0
2021-09-18 20:19:55.261228,21,68,22.32,1018.515,0
2021-09-18 20:20:00.385509,21,68,22.32,1018.521,0
2021-09-18 20:20:05.503074,21,68,22.31,1018.521,0
2021-09-18 20:20:10.582837,21,68,22.31,1018.524,0
2021-09-18 20:20:15.754952,21,68,22.31,1018.518,0
2021-09-18 20:20:20.866957,21,68,22.31,1018.514,0
2021-09-18 20:20:25.988601,21,68,22.31,1018.519,0
2021-09-18 20:20:31.109142,21,67,22.31,1018.519,0
2021-09-18 20:20:36.228170,21,67,22.31,1018.517,0
2021-09-18 20:20:41.323109,21,68,22.31,1018.517,0
2021-09-18 20:20:46.461126,21,68,22.31,1018.507,0
2021-09-18 20:20:51.598941,21,68,22.31,1018.507,0
2021-09-18 20:20:56.719397,21,68,22.3,1018.506,0
2021-09-18 20:21:01.825152,21,67,22.3,1018.501,0
2021-09-18 20:21:06.947131,21,67,22.3,1018.509,0
2021-09-18 20:21:12.067310,21,67,22.3,1018.512,0
2021-09-18 20:21:17.182194,21,67,22.3,1018.517,0
2021-09-18 20:21:22.317206,21,67,22.29,1018.518,0
2021-09-18 20:21:27.440905,21,67,22.29,1018.511,0
2021-09-18 20:21:32.556785,21,67,22.29,1018.52,0
2021-09-18 20:21:37.660647,21,67,22.29,1018.519,0
2021-09-18 20:21:42.790180,21,68,22.29,1018.516,0
2021-09-18 20:21:47.914676,21,68,22.29,1018.521,0
2021-09-18 20:21:53.018429,21,67,22.29,1018.521,0
2021-09-18 20:21:58.120246,21,68,22.29,1018.516,0
2021-09-18 20:22:03.269533,21,68,22.29,1018.519,0
2021-09-18 20:22:08.398224,21,68,22.29,1018.521,0
2021-09-18 20:22:13.482578,21,67,22.28,1018.512,0
2021-09-18 20:22:18.634172,21,66,22.28,1018.515,0
2021-09-18 20:22:23.759866,21,66,22.28,1018.516,0
2021-09-18 20:22:28.866068,21,66,22.28,1018.516,0
2021-09-18 20:22:33.990019,21,66,22.28,1018.521,0
2021-09-18 20:22:39.117005,21,66,22.28,1018.528,0
2021-09-18 20:22:44.229338,21,67,22.28,1018.532,0
2021-09-18 20:22:49.342195,21,67,22.27,1018.525,0
2021-09-18 20:22:54.438716,21,68,22.27,1018.532,0
2021-09-18 20:22:59.528716,21,67,22.27,1018.527,0
2021-09-18 20:23:04.627968,21,67,22.27,1018.527,0
2021-09-18 20:23:09.716717,21,68,22.27,1018.532,0
2021-09-18 20:23:14.846375,21,68,22.27,1018.533,0
2021-09-18 20:23:19.968271,21,68,22.27,1018.536,0
2021-09-18 20:23:25.094287,21,67,22.27,1018.542,0
2021-09-18 20:23:30.208255,21,68,22.27,1018.549,0
2021-09-18 20:23:35.326822,21,67,22.26,1018.552,0
2021-09-18 20:23:40.451803,21,67,22.26,1018.555,0
2021-09-18 20:23:45.562224,21,67,22.26,1018.547,0
2021-09-18 20:23:50.680862,21,68,22.26,1018.54,0
2021-09-18 20:23:55.797250,21,68,22.26,1018.54,0
2021-09-18 20:24:00.919721,21,68,22.26,1018.545,0
2021-09-18 20:24:06.041778,21,68,22.26,1018.546,0
2021-09-18 20:24:11.172586,21,68,22.26,1018.546,0
2021-09-18 20:24:16.293245,21,68,22.26,1018.55,0
2021-09-18 20:24:21.403247,21,67,22.26,1018.55,0
2021-09-18 20:24:26.521424,21,67,22.25,1018.546,0
2021-09-18 20:24:31.647006,21,67,22.25,1018.545,0
2021-09-18 20:24:36.767286,21,67,22.25,1018.55,0
2021-09-18 20:24:41.886293,21,68,22.25,1018.553,0
2021-09-18 20:24:47.009327,21,68,22.25,1018.545,0
2021-09-18 20:24:52.129177,21,68,22.24,1018.539,0
2021-09-18 20:24:57.247183,21,68,22.24,1018.539,0
2021-09-18 20:25:02.369014,21,68,22.24,1018.541,0
2021-09-18 20:25:07.487895,21,68,22.24,1018.534,0
2021-09-18 20:25:12.600947,21,69,22.24,1018.539,0
2021-09-18 20:25:17.736621,21,68,22.24,1018.536,0
2021-09-18 20:25:22.841584,21,67,22.24,1018.539,0
2021-09-18 20:25:27.968717,21,67,22.24,1018.542,0
2021-09-18 20:25:33.093170,21,67,22.24,1018.544,0
2021-09-18 20:25:38.210477,21,67,22.24,1018.54,0
2021-09-18 20:25:43.338470,21,67,22.24,1018.54,0
2021-09-18 20:25:48.447412,21,67,22.24,1018.539,0
2021-09-18 20:25:53.567260,21,67,22.23,1018.537,0
2021-09-18 20:25:58.682133,21,68,22.23,1018.543,0
2021-09-18 20:26:03.810068,21,68,22.23,1018.558,0
2021-09-18 20:26:08.920018,21,69,22.23,1018.559,0
2021-09-18 20:26:14.046889,21,69,22.23,1018.562,0
2021-09-18 20:26:19.163943,21,70,22.23,1018.567,0
2021-09-18 20:26:24.276096,21,70,22.22,1018.565,0
2021-09-18 20:26:29.370823,21,69,22.22,1018.552,0
2021-09-18 20:26:34.458747,21,69,22.22,1018.557,0
2021-09-18 20:26:39.652529,21,69,22.22,1018.566,0
2021-09-18 20:26:44.775872,21,68,22.22,1018.574,0
2021-09-18 20:26:49.884258,21,67,22.22,1018.584,0
2021-09-18 20:26:55.006381,21,67,22.22,1018.583,0
2021-09-18 20:27:00.126356,21,67,22.22,1018.577,0
2021-09-18 20:27:05.241365,21,68,22.22,1018.576,0
2021-09-18 20:27:10.375249,21,68,22.21,1018.573,0
2021-09-18 20:27:15.512058,21,68,22.21,1018.587,0
2021-09-18 20:27:20.613009,21,68,22.21,1018.578,0
2021-09-18 20:27:25.724938,21,67,22.21,1018.578,0
2021-09-18 20:27:30.854870,21,67,22.21,1018.578,0
2021-09-18 20:27:35.966049,21,67,22.21,1018.578,0
2021-09-18 20:27:41.078678,21,67,22.21,1018.579,0
2021-09-18 20:27:46.201584,21,67,22.21,1018.593,0
2021-09-18 20:27:51.331616,21,67,22.21,1018.593,0
2021-09-18 20:27:56.421427,21,68,22.21,1018.594,0
2021-09-18 20:28:01.522328,21,68,22.21,1018.592,0
2021-09-18 20:28:06.616269,21,67,22.21,1018.579,0
2021-09-18 20:28:11.803233,21,67,22.21,1018.579,0
2021-09-18 20:28:16.926242,21,68,22.21,1018.586,0
2021-09-18 20:28:22.040121,21,68,22.2,1018.585,0
2021-09-18 20:28:27.173413,21,68,22.2,1018.582,0
2021-09-18 20:28:32.282457,21,68,22.2,1018.586,0
2021-09-18 20:28:37.371883,21,68,22.2,1018.589,0
2021-09-18 20:28:42.463376,21,69,22.2,1018.598,0
2021-09-18 20:28:47.651824,21,68,22.2,1018.594,0
2021-09-18 20:28:52.754591,21,68,22.19,1018.595,0
2021-09-18 20:28:57.886609,21,68,22.19,1018.6,0
2021-09-18 20:29:03.008373,21,68,22.19,1018.61,0
2021-09-18 20:29:08.147120,21,68,22.19,1018.61,0
2021-09-18 20:29:13.243630,21,68,22.19,1018.616,0
2021-09-18 20:29:18.367531,21,68,22.19,1018.623,0
2021-09-18 20:29:23.464439,21,68,22.19,1018.618,0
2021-09-18 20:29:28.550656,21,69,22.19,1018.613,0
2021-09-18 20:29:33.734393,21,68,22.19,1018.618,0
2021-09-18 20:29:38.859355,21,68,22.19,1018.634,0
2021-09-18 20:29:43.968007,21,68,22.19,1018.631,0
2021-09-18 20:29:49.081786,21,67,22.19,1018.636,0
2021-09-18 20:29:54.205293,21,67,22.18,1018.632,0
2021-09-18 20:29:59.326274,21,67,22.18,1018.629,0
2021-09-18 20:30:04.417924,21,67,22.18,1018.634,0
2021-09-18 20:30:09.504655,21,67,22.18,1018.642,0
2021-09-18 20:30:14.678683,21,67,22.18,1018.64,0
2021-09-18 20:30:19.798719,21,68,22.18,1018.639,0
2021-09-18 20:30:24.923487,21,68,22.18,1018.64,0
2021-09-18 20:30:30.048472,21,68,22.18,1018.64,0
2021-09-18 20:30:35.174535,21,67,22.18,1018.64,0
2021-09-18 20:30:40.289838,21,67,22.18,1018.64,0
2021-09-18 20:30:45.393852,21,67,22.18,1018.638,0
2021-09-18 20:30:50.484570,21,67,22.17,1018.644,0
2021-09-18 20:30:55.584669,21,67,22.17,1018.647,0
2021-09-18 20:31:00.764673,21,68,22.17,1018.65,0
2021-09-18 20:31:05.885454,21,68,22.17,1018.653,0
2021-09-18 20:31:11.023631,21,68,22.17,1018.658,0
2021-09-18 20:31:16.121802,21,68,22.17,1018.658,0
2021-09-18 20:31:21.244542,21,68,22.17,1018.66,0
2021-09-18 20:31:26.367740,21,68,22.16,1018.661,0
2021-09-18 20:31:31.495947,21,68,22.16,1018.659,0
2021-09-18 20:31:36.605201,21,68,22.16,1018.654,0
2021-09-18 20:31:41.754436,21,68,22.16,1018.645,0
2021-09-18 20:31:46.941646,21,68,22.16,1018.652,0
2021-09-18 20:31:52.069735,21,68,22.16,1018.656,0
2021-09-18 20:31:57.183545,21,69,22.16,1018.663,0
2021-09-18 20:32:02.314672,21,69,22.15,1018.666,0
2021-09-18 20:32:07.408572,21,69,22.15,1018.662,0
2021-09-18 20:32:12.505173,21,68,22.15,1018.664,0
2021-09-18 20:32:17.667646,21,68,22.15,1018.673,0
2021-09-18 20:32:22.765165,21,67,22.15,1018.675,0
2021-09-18 20:32:27.904751,21,67,22.14,1018.668,0
2021-09-18 20:32:33.033584,21,67,22.14,1018.67,0
2021-09-18 20:32:38.152784,21,68,22.15,1018.67,0
2021-09-18 20:32:43.273225,21,68,22.14,1018.673,0
2021-09-18 20:32:48.371816,21,68,22.14,1018.675,0
2021-09-18 20:32:53.460615,21,68,22.14,1018.681,0
2021-09-18 20:32:58.549419,21,69,22.14,1018.684,0
2021-09-18 20:33:03.753554,21,68,22.14,1018.683,0
2021-09-18 20:33:08.868437,21,68,22.14,1018.686,0
2021-09-18 20:33:13.989220,21,69,22.14,1018.686,0
2021-09-18 20:33:19.114151,21,69,22.14,1018.682,0
2021-09-18 20:33:24.223585,21,68,22.14,1018.68,0
2021-09-18 20:33:29.352792,21,68,22.14,1018.682,0
2021-09-18 20:33:34.439741,21,68,22.13,1018.677,0
2021-09-18 20:33:39.523860,21,68,22.13,1018.68,0
2021-09-18 20:33:44.729740,21,68,22.13,1018.68,0
2021-09-18 20:33:49.844910,21,67,22.13,1018.681,0
2021-09-18 20:33:54.947662,21,67,22.13,1018.685,0
2021-09-18 20:34:00.073627,21,66,22.13,1018.683,0
2021-09-18 20:34:05.187523,21,67,22.13,1018.688,0
2021-09-18 20:34:10.318430,21,67,22.13,1018.688,0
2021-09-18 20:34:15.417281,21,67,22.13,1018.686,0
2021-09-18 20:34:20.528698,21,67,22.13,1018.692,0
2021-09-18 20:34:25.674420,21,67,22.13,1018.696,0
2021-09-18 20:34:30.783647,21,68,22.13,1018.696,0
2021-09-18 20:34:35.907056,21,68,22.13,1018.705,0
2021-09-18 20:34:41.028434,21,68,22.13,1018.704,0
2021-09-18 20:34:46.149766,21,68,22.13,1018.707,0
2021-09-18 20:34:51.276872,21,68,22.12,1018.708,0
2021-09-18 20:34:56.369763,21,68,22.13,1018.709,0
2021-09-18 20:35:01.466449,21,68,22.12,1018.702,0
2021-09-18 20:35:06.630662,21,68,22.12,1018.7,0
2021-09-18 20:35:11.749495,21,67,22.12,1018.7,0
2021-09-18 20:35:16.860521,21,68,22.12,1018.7,0
2021-09-18 20:35:21.989701,21,67,22.12,1018.703,0
2021-09-18 20:35:27.101557,21,67,22.12,1018.706,0
2021-09-18 20:35:32.240814,21,67,22.12,1018.713,0
2021-09-18 20:35:37.347393,21,67,22.12,1018.718,0
2021-09-18 20:35:42.447160,21,68,22.12,1018.719,0
2021-09-18 20:35:47.534747,21,68,22.12,1018.724,0
2021-09-18 20:35:52.718136,21,69,22.12,1018.727,0
2021-09-18 20:35:57.833688,21,69,22.12,1018.722,0
2021-09-18 20:36:02.955923,21,68,22.12,1018.717,0
2021-09-18 20:36:08.071966,21,68,22.11,1018.718,0
2021-09-18 20:36:13.188939,21,68,22.11,1018.715,0
2021-09-18 20:36:18.317862,21,68,22.11,1018.718,0
2021-09-18 20:36:23.402939,21,67,22.11,1018.718,0
2021-09-18 20:36:28.490661,21,67,22.11,1018.717,0
2021-09-18 20:36:33.667111,21,68,22.11,1018.718,0
2021-09-18 20:36:38.791467,21,68,22.11,1018.716,0
2021-09-18 20:36:43.887683,21,67,22.11,1018.721,0
2021-09-18 20:36:49.029266,21,67,22.11,1018.721,0
2021-09-18 20:36:54.155771,21,68,22.11,1018.727,0
2021-09-18 20:36:59.268258,21,68,22.1,1018.722,0
2021-09-18 20:37:04.382749,21,68,22.1,1018.732,0
2021-09-18 20:37:09.479009,21,68,22.1,1018.739,0
2021-09-18 20:37:14.634296,21,68,22.1,1018.743,0
2021-09-18 20:37:19.754811,21,67,22.1,1018.742,0
2021-09-18 20:37:24.868952,21,67,22.1,1018.742,0
2021-09-18 20:38:00.713577,21,67,22.1,1018.762,0
2021-09-18 20:38:05.828138,21,67,22.1,1018.765,0
2021-09-18 20:38:10.955238,21,68,22.09,1018.768,0
2021-09-18 20:38:16.069235,21,68,22.09,1018.767,0
2021-09-18 20:38:21.191141,21,68,22.09,1018.762,0
2021-09-18 20:38:26.318288,21,69,22.09,1018.75,0
2021-09-18 20:38:31.440337,21,68,22.09,1018.741,0
2021-09-18 20:38:36.539662,21,67,22.09,1018.743,0
2021-09-18 20:38:41.674968,21,67,22.09,1018.748,0
2021-09-18 20:38:46.783934,21,67,22.09,1018.746,0
2021-09-18 20:38:51.918202,21,67,22.09,1018.748,0
2021-09-18 20:38:57.037158,21,67,22.09,1018.748,0
2021-09-18 20:39:02.133165,21,67,22.08,1018.742,0
2021-09-18 20:39:07.276743,21,67,22.08,1018.744,0
2021-09-18 20:39:12.363312,21,67,22.08,1018.744,0
2021-09-18 20:39:17.462219,21,67,22.08,1018.75,0
2021-09-18 20:39:22.622207,21,68,22.08,1018.754,0
2021-09-18 20:39:27.743956,21,68,22.08,1018.755,0
2021-09-18 20:39:32.873155,21,68,22.08,1018.757,0
2021-09-18 20:39:37.958874,21,68,22.08,1018.763,0
2021-09-18 20:39:43.113057,21,68,22.08,1018.763,0
2021-09-18 20:39:48.233834,21,68,22.08,1018.769,0
2021-09-18 20:39:53.352718,21,68,22.08,1018.771,0
2021-09-18 20:39:58.444343,21,68,22.08,1018.768,0
2021-09-18 20:40:03.535768,21,67,22.07,1018.767,0
2021-09-18 20:40:08.718660,21,68,22.07,1018.77,0
2021-09-18 20:40:13.827012,21,67,22.07,1018.775,0
2021-09-18 20:40:18.957048,21,68,22.07,1018.777,0
2021-09-18 20:40:24.073101,21,68,22.07,1018.774,0
2021-09-18 20:40:29.167102,21,67,22.07,1018.785,0
2021-09-18 20:40:34.312547,21,67,22.07,1018.793,0
2021-09-18 20:40:39.399737,21,68,22.07,1018.798,0
2021-09-18 20:40:44.491112,21,68,22.07,1018.802,0
2021-09-18 20:40:49.664846,21,68,22.07,1018.801,0
2021-09-18 20:40:54.784933,21,68,22.07,1018.79,0
2021-09-18 20:40:59.920633,21,68,22.07,1018.79,0
2021-09-18 20:41:05.022891,21,68,22.06,1018.788,0
2021-09-18 20:41:10.146563,21,67,22.06,1018.788,0
2021-09-18 20:41:15.276163,21,68,22.06,1018.791,0
2021-09-18 20:41:20.361470,21,68,22.06,1018.792,0
2021-09-18 20:41:25.455073,21,68,22.06,1018.795,0
2021-09-18 20:41:30.637899,21,67,22.06,1018.798,0
2021-09-18 20:41:35.753354,21,67,22.06,1018.802,0
2021-09-18 20:41:40.840902,21,68,22.06,1018.801,0
2021-09-18 20:41:45.992737,21,68,22.06,1018.801,0
2021-09-18 20:41:51.106471,21,68,22.06,1018.803,0
2021-09-18 20:41:56.203365,21,69,22.06,1018.806,0
2021-09-18 20:42:01.357757,21,68,22.06,1018.81,0
2021-09-18 20:42:06.447007,21,68,22.06,1018.823,0
2021-09-18 20:42:11.547948,21,69,22.05,1018.819,0
2021-09-18 20:42:16.704947,21,69,22.05,1018.827,0
2021-09-18 20:42:21.829200,21,68,22.05,1018.831,0
2021-09-18 20:42:26.948367,21,68,22.05,1018.819,0
2021-09-18 20:42:32.066714,21,68,22.05,1018.815,0
2021-09-18 20:42:37.191695,21,67,22.05,1018.815,0
2021-09-18 20:42:42.318837,21,67,22.05,1018.813,0
2021-09-18 20:42:47.437582,21,67,22.05,1018.818,0
2021-09-18 20:42:52.543955,21,68,22.05,1018.817,0
2021-09-18 20:42:57.668690,21,68,22.05,1018.817,0
2021-09-18 20:43:02.797151,21,68,22.05,1018.816,0
2021-09-18 20:43:07.916203,21,68,22.05,1018.821,0
2021-09-18 20:43:13.033535,21,68,22.05,1018.818,0
2021-09-18 20:43:18.150063,21,68,22.04,1018.825,0
2021-09-18 20:43:23.267745,21,68,22.04,1018.828,0
2021-09-18 20:43:28.403426,21,68,22.04,1018.831,0
2021-09-18 20:43:33.507270,21,68,22.04,1018.826,0
2021-09-18 20:43:38.630985,21,68,22.04,1018.829,0
2021-09-18 20:43:43.752292,21,68,22.04,1018.831,0
2021-09-18 20:43:48.867368,21,68,22.04,1018.837,0
2021-09-18 20:43:53.994565,21,68,22.04,1018.841,0
2021-09-18 20:43:59.117557,21,68,22.04,1018.839,0
2021-09-18 20:44:04.223360,21,68,22.04,1018.84,0
2021-09-18 20:44:09.360029,21,68,22.04,1018.844,0
2021-09-18 20:44:14.454869,21,67,22.04,1018.848,0
2021-09-18 20:44:19.548319,21,67,22.04,1018.85,0
2021-09-18 20:44:24.714666,21,67,22.04,1018.852,0
2021-09-18 20:44:29.830345,21,67,22.03,1018.858,0
2021-09-18 20:44:34.954540,21,68,22.03,1018.851,0
2021-09-18 20:44:40.070198,21,68,22.04,1018.863,0
2021-09-18 20:44:45.193129,21,69,22.03,1018.856,0
2021-09-18 20:44:50.293331,21,69,22.03,1018.863,0
2021-09-18 20:44:55.391174,21,69,22.03,1018.863,0
2021-09-18 20:45:00.483185,21,69,22.03,1018.862,0
2021-09-18 20:45:05.678355,21,69,22.03,1018.864,0
2021-09-18 20:45:10.785040,21,69,22.03,1018.86,0
2021-09-18 20:45:15.907585,21,69,22.03,1018.86,0
2021-09-18 20:45:21.036210,21,68,22.03,1018.862,0
2021-09-18 20:45:26.150053,21,69,22.03,1018.864,0
2021-09-18 20:45:31.271127,21,69,22.03,1018.864,0
2021-09-18 20:45:36.362751,21,69,22.03,1018.86,0
2021-09-18 20:45:41.447524,21,68,22.03,1018.865,0
2021-09-18 20:45:46.630066,21,68,22.03,1018.87,0
2021-09-18 20:45:51.747873,21,68,22.02,1018.868,0
2021-09-18 20:45:56.882742,21,68,22.02,1018.87,0
2021-09-18 20:46:02.004611,21,68,22.02,1018.873,0
2021-09-18 20:46:07.111646,21,68,22.02,1018.868,0
2021-09-18 20:46:12.230694,21,69,22.02,1018.873,0
2021-09-18 20:46:17.316544,21,69,22.02,1018.869,0
2021-09-18 20:46:22.415620,21,69,22.02,1018.874,0
2021-09-18 20:46:27.502519,21,69,22.02,1018.877,0
2021-09-18 20:46:32.602521,21,68,22.02,1018.87,0
2021-09-18 20:46:37.723251,21,68,22.02,1018.872,0
2021-09-18 20:46:42.852483,21,68,22.02,1018.873,0
2021-09-18 20:46:47.967263,21,68,22.02,1018.875,0
2021-09-18 20:46:53.084737,21,68,22.02,1018.877,0
2021-09-18 20:46:58.215299,21,68,22.02,1018.88,0
2021-09-18 20:47:03.342900,21,68,22.01,1018.876,0
2021-09-18 20:47:08.451535,21,68,22.02,1018.882,0
2021-09-18 20:47:13.572640,21,68,22.02,1018.877,0
2021-09-18 20:47:18.690461,21,68,22.02,1018.872,0
2021-09-18 20:47:23.810129,21,69,22.01,1018.868,0
2021-09-18 20:47:28.929531,21,69,22.01,1018.868,0
2021-09-18 20:47:34.056512,21,69,22.01,1018.871,0
2021-09-18 20:47:39.173062,21,69,22.01,1018.875,0
2021-09-18 20:47:44.290497,21,69,22.01,1018.873,0
2021-09-18 20:47:49.411427,21,69,22.01,1018.876,0
2021-09-18 20:47:54.533333,21,68,22.01,1018.881,0
2021-09-18 20:47:59.655148,21,68,22.01,1018.881,0
2021-09-18 20:48:04.772861,21,68,22.01,1018.881,0
2021-09-18 20:48:09.889764,21,68,22.01,1018.881,0
2021-09-18 20:48:15.013359,21,67,22.01,1018.879,0
2021-09-18 20:48:20.106355,21,68,22.01,1018.882,0
2021-09-18 20:48:25.250221,21,68,22.01,1018.882,0
2021-09-18 20:48:30.366248,21,69,22.01,1018.885,0
2021-09-18 20:48:35.492700,21,69,22.01,1018.885,0
2021-09-18 20:48:40.612651,21,69,22.01,1018.892,0
2021-09-18 20:48:45.735718,21,69,22,1018.88,0
2021-09-18 20:48:50.853380,21,69,22,1018.878,0
2021-09-18 20:48:55.971880,21,69,22,1018.88,0
2021-09-18 20:49:01.080948,21,69,22,1018.883,0
2021-09-18 20:49:06.205354,21,69,22,1018.883,0
2021-09-18 20:49:11.336070,21,69,22,1018.881,0
2021-09-18 20:49:16.453704,21,69,22,1018.876,0
2021-09-18 20:49:21.575333,21,69,22,1018.883,0
2021-09-18 20:49:26.689451,21,69,22,1018.884,0
2021-09-18 20:49:31.805211,21,69,22,1018.881,0
2021-09-18 20:49:36.933980,21,68,22,1018.886,0
2021-09-18 20:49:42.050916,21,68,22,1018.891,0
2021-09-18 20:49:47.163417,21,68,22,1018.888,0
2021-09-18 20:49:52.298036,21,68,22,1018.888,0
2021-09-18 20:49:57.411064,21,68,22,1018.887,0
2021-09-18 20:50:02.524223,21,68,22,1018.891,0
2021-09-18 20:50:07.658392,21,68,22,1018.899,0
2021-09-18 20:50:12.780763,21,68,22,1018.899,0
2021-09-18 20:50:17.893843,21,68,22,1018.904,0
2021-09-18 20:50:23.004324,21,68,22,1018.902,0
2021-09-18 20:50:28.133387,21,68,22,1018.902,0
2021-09-18 20:50:33.247316,21,69,22,1018.904,0
2021-09-18 20:50:38.376277,21,69,22,1018.895,0
2021-09-18 20:50:43.474409,21,69,22,1018.894,0
2021-09-18 20:50:48.620883,21,69,22,1018.889,0
2021-09-18 20:50:53.737449,21,69,22,1018.894,0
2021-09-18 20:50:58.853892,21,68,21.99,1018.892,0
2021-09-18 20:51:03.964503,21,68,21.99,1018.893,0
2021-09-18 20:51:09.097257,21,68,21.99,1018.892,0
2021-09-18 20:51:14.217009,21,68,21.99,1018.891,0
2021-09-18 20:51:19.331709,21,68,21.99,1018.89,0
2021-09-18 20:51:24.453366,21,68,21.99,1018.891,0
2021-09-18 20:51:29.570721,21,68,21.99,1018.89,0
2021-09-18 20:51:34.696882,21,68,21.99,1018.896,0
2021-09-18 20:51:39.820158,21,68,21.99,1018.888,0
2021-09-18 20:51:44.930390,21,68,21.99,1018.891,0
2021-09-18 20:51:50.050966,21,68,21.99,1018.891,0
2021-09-18 20:51:55.169837,21,68,21.98,1018.891,0
2021-09-18 20:52:00.296059,21,68,21.99,1018.893,0
2021-09-18 20:52:05.418329,21,68,21.99,1018.898,0
2021-09-18 20:52:10.530179,21,68,21.98,1018.889,0
2021-09-18 20:52:15.646874,21,68,21.98,1018.882,0
2021-09-18 20:52:20.780422,21,68,21.98,1018.885,0
2021-09-18 20:52:25.897135,21,68,21.98,1018.883,0
2021-09-18 20:52:31.010327,21,68,21.98,1018.882,0
2021-09-18 20:52:36.130185,21,69,21.97,1018.869,0
2021-09-18 20:52:41.257041,21,68,21.97,1018.873,0
2021-09-18 20:52:46.370279,21,68,21.97,1018.871,0
2021-09-18 20:52:51.500127,21,68,21.97,1018.874,0
2021-09-18 20:52:56.611017,21,68,21.97,1018.874,0
2021-09-18 20:53:01.733487,21,68,21.97,1018.873,0
2021-09-18 20:53:06.850889,21,68,21.97,1018.864,0
2021-09-18 20:53:11.963044,21,68,21.97,1018.868,0
2021-09-18 20:53:17.086406,21,68,21.97,1018.866,0
2021-09-18 20:53:22.205904,21,68,21.97,1018.861,0
2021-09-18 20:53:27.331597,21,68,21.97,1018.867,0
2021-09-18 20:53:32.461799,21,68,21.97,1018.874,0
2021-09-18 20:53:37.563718,21,68,21.97,1018.877,0
2021-09-18 20:53:42.697601,21,68,21.97,1018.882,0
2021-09-18 20:53:47.824378,21,68,21.97,1018.88,0
2021-09-18 20:53:52.928309,21,68,21.97,1018.882,0
2021-09-18 20:53:58.054363,21,69,21.97,1018.885,0
2021-09-18 20:54:03.166194,21,69,21.97,1018.885,0
2021-09-18 20:54:08.292189,21,68,21.97,1018.883,0
2021-09-18 20:54:13.414387,21,68,21.97,1018.881,0
2021-09-18 20:54:18.534834,21,68,21.97,1018.886,0
2021-09-18 20:54:23.658593,21,68,21.97,1018.895,0
2021-09-18 20:54:28.773001,21,68,21.97,1018.9,0
2021-09-18 20:54:33.890203,21,68,21.97,1018.895,0
2021-09-18 20:54:39.014402,21,68,21.97,1018.895,0
2021-09-18 20:54:44.129832,21,69,21.97,1018.898,0
2021-09-18 20:54:49.244410,21,69,21.97,1018.905,0
2021-09-18 20:54:54.381433,21,69,21.96,1018.901,0
2021-09-18 20:54:59.484415,21,68,21.96,1018.901,0
2021-09-18 20:55:04.565430,21,68,21.96,1018.904,0
2021-09-18 20:55:09.758251,21,68,21.96,1018.911,0
2021-09-18 20:55:14.858299,21,68,21.96,1018.91,0
2021-09-18 20:55:19.972318,21,68,21.96,1018.917,0
2021-09-18 20:55:25.092446,21,68,21.96,1018.917,0
2021-09-18 20:55:30.211475,21,68,21.96,1018.915,0
2021-09-18 20:55:35.340032,21,68,21.96,1018.919,0
2021-09-18 20:55:40.459986,21,68,21.96,1018.918,0
2021-09-18 20:55:45.566569,21,68,21.96,1018.915,0
2021-09-18 20:55:50.692794,21,68,21.96,1018.915,0
2021-09-18 20:55:55.811943,21,69,21.96,1018.913,0
2021-09-18 20:56:00.928211,21,69,21.96,1018.915,0
2021-09-18 20:56:06.056547,21,69,21.95,1018.913,0
2021-09-18 20:56:11.173464,21,69,21.95,1018.916,0
2021-09-18 20:56:16.293708,21,69,21.95,1018.916,0
2021-09-18 20:56:21.419959,21,68,21.95,1018.916,0
2021-09-18 20:56:26.540413,21,68,21.95,1018.921,0
2021-09-18 20:56:31.649003,21,68,21.95,1018.922,0
2021-09-18 20:56:36.779614,21,68,21.95,1018.927,0
2021-09-18 20:56:41.894335,21,68,21.95,1018.927,0
2021-09-18 20:56:47.009896,21,68,21.95,1018.924,0
2021-09-18 20:56:52.137853,21,68,21.95,1018.922,0
2021-09-18 20:56:57.249737,21,68,21.95,1018.921,0
2021-09-18 20:57:02.370711,21,69,21.95,1018.919,0
2021-09-18 20:57:07.493766,21,69,21.95,1018.927,0
2021-09-18 20:57:12.610720,21,68,21.95,1018.926,0
2021-09-18 20:57:17.744603,21,68,21.95,1018.924,0
2021-09-18 20:57:22.843300,21,69,21.95,1018.922,0
2021-09-18 20:57:27.967434,21,68,21.95,1018.915,0
2021-09-18 20:57:33.081518,21,68,21.95,1018.917,0
2021-09-18 20:57:38.206319,21,68,21.95,1018.914,0
2021-09-18 20:57:43.325663,21,68,21.95,1018.924,0
2021-09-18 20:57:48.423712,21,69,21.95,1018.929,0
2021-09-18 20:57:53.531260,21,68,21.95,1018.933,0
2021-09-18 20:57:58.627202,21,68,21.95,1018.932,0
2021-09-18 20:58:03.817844,21,68,21.95,1018.932,0
2021-09-18 20:58:08.937899,21,68,21.95,1018.937,0
2021-09-18 20:58:14.051527,21,68,21.94,1018.928,0
2021-09-18 20:58:19.168532,21,68,21.94,1018.93,0
2021-09-18 20:58:24.301388,21,69,21.94,1018.936,0
2021-09-18 20:58:29.416757,21,69,21.94,1018.93,0
2021-09-18 20:58:34.534109,21,69,21.94,1018.925,0
2021-09-18 20:58:39.653527,21,69,21.94,1018.923,0
2021-09-18 20:58:44.778407,21,69,21.94,1018.925,0
2021-09-18 20:58:49.893411,21,69,21.94,1018.925,0
2021-09-18 20:58:55.015025,21,69,21.94,1018.928,0
2021-09-18 20:59:00.136485,21,68,21.94,1018.928,0
2021-09-18 20:59:05.257201,21,68,21.94,1018.931,0
2021-09-18 20:59:10.379006,21,68,21.94,1018.934,0
2021-09-18 20:59:15.494781,21,68,21.94,1018.929,0
2021-09-18 20:59:20.609014,21,68,21.94,1018.922,0
2021-09-18 20:59:25.732702,21,68,21.94,1018.924,0
2021-09-18 20:59:30.854549,21,68,21.94,1018.926,0
2021-09-18 20:59:35.970626,21,68,21.94,1018.932,0
2021-09-18 20:59:41.084594,21,68,21.93,1018.923,0
2021-09-18 20:59:46.212638,21,68,21.93,1018.937,0
2021-09-18 20:59:51.335268,21,68,21.93,1018.932,0
2021-09-18 20:59:56.448522,21,68,21.93,1018.935,0
2021-09-18 21:00:01.571649,21,68,21.93,1018.945,0
2021-09-18 21:00:06.686981,21,68,21.94,1018.954,0
2021-09-18 21:00:11.822289,21,69,21.93,1018.957,0
2021-09-18 21:00:16.922804,21,69,21.93,1018.958,0
2021-09-18 21:00:22.049771,21,68,21.93,1018.958,0
2021-09-18 21:00:27.163925,21,68,21.93,1018.956,0
2021-09-18 21:00:32.297635,21,68,21.93,1018.959,0
2021-09-18 21:00:37.420237,21,68,21.93,1018.954,0
2021-09-18 21:00:42.527840,21,68,21.93,1018.953,0
2021-09-18 21:00:47.648745,21,68,21.93,1018.952,0
2021-09-18 21:00:52.748521,21,68,21.93,1018.952,0
2021-09-18 21:00:57.895744,21,68,21.93,1018.962,0
2021-09-18 21:01:03.023670,21,68,21.93,1018.974,0
2021-09-18 21:01:08.127489,21,69,21.93,1018.974,0
2021-09-18 21:01:13.255695,21,69,21.93,1018.971,0
2021-09-18 21:01:18.384351,21,69,21.93,1018.976,0
2021-09-18 21:01:23.489263,21,69,21.93,1018.981,0
2021-09-18 21:01:28.603337,21,69,21.93,1018.976,0
2021-09-18 21:01:33.726422,21,69,21.93,1018.968,0
2021-09-18 21:01:38.858734,21,69,21.93,1018.966,0
2021-09-18 21:01:43.969772,21,69,21.93,1018.961,0
2021-09-18 21:01:49.081825,21,68,21.93,1018.952,0
2021-09-18 21:01:54.205592,21,68,21.93,1018.959,0
2021-09-18 21:01:59.334694,21,68,21.93,1018.962,0
2021-09-18 21:02:04.460668,21,69,21.92,1018.967,0
2021-09-18 21:02:09.561315,21,69,21.92,1018.965,0
2021-09-18 21:02:14.702637,21,69,21.92,1018.967,0
2021-09-18 21:02:19.822658,21,69,21.92,1018.967,0
2021-09-18 21:02:24.924672,21,69,21.92,1018.97,0
2021-09-18 21:02:30.041405,21,69,21.92,1018.966,0
2021-09-18 21:02:35.168947,21,69,21.92,1018.963,0
2021-09-18 21:02:40.297877,21,69,21.92,1018.959,0
2021-09-18 21:02:45.426454,21,69,21.92,1018.958,0
2021-09-18 21:02:50.528960,21,68,21.92,1018.954,0
2021-09-18 21:02:55.649015,21,68,21.92,1018.958,0
2021-09-18 21:03:00.772685,21,68,21.92,1018.958,0
2021-09-18 21:03:05.890243,21,68,21.92,1018.964,0
2021-09-18 21:03:11.017680,21,68,21.92,1018.969,0
2021-09-18 21:03:16.130036,21,68,21.92,1018.968,0
2021-09-18 21:03:21.260565,21,68,21.92,1018.957,0
2021-09-18 21:03:26.378371,21,68,21.92,1018.964,0
2021-09-18 21:03:31.507462,21,68,21.91,1018.955,0
2021-09-18 21:03:36.617229,21,69,21.92,1018.967,0
2021-09-18 21:03:41.729277,21,68,21.92,1018.966,0
2021-09-18 21:03:46.858760,21,68,21.92,1018.967,0
2021-09-18 21:03:51.975443,21,68,21.91,1018.96,0
2021-09-18 21:03:57.084726,21,69,21.91,1018.967,0
2021-09-18 21:04:02.208610,21,69,21.91,1018.967,0
2021-09-18 21:04:07.325905,21,69,21.91,1018.964,0
2021-09-18 21:04:12.412604,21,69,21.91,1018.963,0
2021-09-18 21:04:17.496853,21,68,21.91,1018.958,0
2021-09-18 21:04:22.598622,21,68,21.91,1018.958,0
2021-09-18 21:04:27.712009,21,68,21.91,1018.963,0
2021-09-18 21:04:32.827787,21,68,21.91,1018.961,0
2021-09-18 21:04:37.945964,21,69,21.91,1018.968,0
2021-09-18 21:04:43.070396,21,69,21.9,1018.959,0
2021-09-18 21:04:48.190326,21,68,21.9,1018.964,0
2021-09-18 21:04:53.308320,21,68,21.9,1018.962,0
2021-09-18 21:04:58.438887,21,68,21.91,1018.966,0
2021-09-18 21:05:03.552704,21,68,21.91,1018.966,0
2021-09-18 21:05:08.674841,21,68,21.91,1018.971,0
2021-09-18 21:05:13.798701,21,68,21.91,1018.973,0
2021-09-18 21:05:18.910733,21,68,21.91,1018.973,0
2021-09-18 21:05:24.036250,21,68,21.91,1018.975,0
2021-09-18 21:05:29.150689,21,68,21.91,1018.968,0
2021-09-18 21:05:34.273638,21,68,21.91,1018.971,0
2021-09-18 21:05:39.386598,21,68,21.9,1018.969,0
2021-09-18 21:05:44.508677,21,68,21.9,1018.969,0
2021-09-18 21:05:49.623753,21,69,21.9,1018.969,0
2021-09-18 21:05:54.756960,21,69,21.9,1018.965,0
2021-09-18 21:05:59.876769,21,70,21.9,1018.972,0
2021-09-18 21:06:04.981050,21,70,21.9,1018.977,0
2021-09-18 21:06:10.113303,21,71,21.9,1018.972,0
2021-09-18 21:06:15.227218,21,70,21.9,1018.975,0
2021-09-18 21:06:20.350576,21,70,21.9,1018.974,0
2021-09-18 21:06:25.440301,21,70,21.9,1018.969,0
2021-09-18 21:06:30.529133,21,70,21.9,1018.971,0
2021-09-18 21:06:35.703650,21,69,21.9,1018.979,0
2021-09-18 21:06:40.837128,21,69,21.9,1018.985,0
2021-09-18 21:06:45.956328,21,70,21.9,1018.982,0
2021-09-18 21:06:51.076618,21,70,21.9,1018.978,0
2021-09-18 21:06:56.184620,21,69,21.9,1018.97,0
2021-09-18 21:07:01.309556,21,69,21.9,1018.975,0
2021-09-18 21:07:06.398388,21,69,21.9,1018.98,0
2021-09-18 21:07:11.488775,21,69,21.9,1018.978,0
2021-09-18 21:07:16.674889,21,69,21.9,1018.977,0
2021-09-18 21:07:21.798889,21,69,21.9,1018.975,0
2021-09-18 21:07:26.903100,21,69,21.9,1018.977,0
2021-09-18 21:07:32.038657,21,69,21.9,1018.973,0
2021-09-18 21:07:37.143103,21,70,21.9,1018.971,0
2021-09-18 21:07:42.263660,21,70,21.9,1018.974,0
2021-09-18 21:07:47.400791,21,69,21.9,1018.973,0
2021-09-18 21:07:52.528054,21,69,21.89,1018.971,0
2021-09-18 21:07:57.627730,21,69,21.89,1018.976,0
2021-09-18 21:08:02.764202,21,69,21.89,1018.976,0
2021-09-18 21:08:07.867154,21,69,21.89,1018.972,0
2021-09-18 21:08:12.980233,21,69,21.89,1018.976,0
2021-09-18 21:08:18.106429,21,69,21.89,1018.977,0
2021-09-18 21:08:23.229329,21,69,21.89,1018.982,0
2021-09-18 21:08:28.352410,21,69,21.89,1018.982,0
2021-09-18 21:08:33.443710,21,69,21.89,1018.979,0
2021-09-18 21:08:38.528508,21,68,21.89,1018.976,0
2021-09-18 21:08:43.710399,21,68,21.89,1018.976,0
2021-09-18 21:08:48.832304,21,68,21.89,1018.972,0
2021-09-18 21:08:53.953134,21,68,21.89,1018.975,0
2021-09-18 21:08:59.062987,21,68,21.89,1018.973,0
2021-09-18 21:09:04.194956,21,68,21.89,1018.985,0
2021-09-18 21:09:09.314969,21,68,21.89,1018.99,0
2021-09-18 21:09:14.400673,21,68,21.89,1018.99,0
2021-09-18 21:09:19.487147,21,68,21.89,1018.985,0
2021-09-18 21:09:24.580443,21,68,21.89,1018.985,0
2021-09-18 21:09:29.691675,21,69,21.89,1018.996,0
2021-09-18 21:09:34.803277,21,68,21.89,1018.998,0
2021-09-18 21:09:39.934421,21,68,21.88,1018.994,0
2021-09-18 21:09:45.053264,21,68,21.89,1018.996,0
2021-09-18 21:09:50.174991,21,69,21.88,1018.998,0
2021-09-18 21:09:55.284047,21,69,21.88,1018.991,0
2021-09-18 21:10:00.421976,21,68,21.89,1018.996,0
2021-09-18 21:10:05.522006,21,68,21.89,1018.998,0
2021-09-18 21:10:10.652763,21,68,21.88,1018.996,0
2021-09-18 21:10:15.765311,21,69,21.88,1019.008,0
2021-09-18 21:10:20.893510,21,69,21.88,1019.007,0
2021-09-18 21:10:25.995218,21,69,21.88,1019.007,0
2021-09-18 21:10:31.127657,21,69,21.88,1019.002,0
2021-09-18 21:10:36.249662,21,69,21.88,1019.003,0
2021-09-18 21:10:41.372842,21,69,21.88,1019.003,0
2021-09-18 21:10:46.492133,21,68,21.88,1019.007,0
2021-09-18 21:10:51.614217,21,68,21.88,1019,0
2021-09-18 21:10:56.827248,21,68,21.88,1019,0
2021-09-18 21:11:01.965920,21,69,21.88,1018.998,0
2021-09-18 21:11:07.074652,21,68,21.88,1019.005,0
2021-09-18 21:11:12.192239,21,68,21.88,1019.005,0
2021-09-18 21:11:17.310812,21,68,21.88,1019.006,0
2021-09-18 21:11:22.401700,21,68,21.87,1019,0
2021-09-18 21:11:27.500486,21,68,21.87,1018.996,0
2021-09-18 21:11:32.681007,21,68,21.87,1019.001,0
2021-09-18 21:11:37.785057,21,68,21.87,1019.008,0
2021-09-18 21:11:42.869335,21,68,21.87,1019.009,0
2021-09-18 21:11:48.041174,21,69,21.87,1019.013,0
2021-09-18 21:11:53.157529,21,69,21.87,1019.009,0
2021-09-18 21:11:58.277108,21,69,21.87,1019.001,0
2021-09-18 21:12:03.375072,21,68,21.87,1019.001,0
2021-09-18 21:12:08.460383,21,68,21.87,1018.999,0
2021-09-18 21:12:13.636256,21,68,21.87,1018.999,0
2021-09-18 21:12:18.724702,21,68,21.87,1018.995,0
2021-09-18 21:12:23.873035,21,68,21.87,1018.995,0
2021-09-18 21:12:28.985185,21,68,21.87,1018.994,0
2021-09-18 21:12:34.086861,21,68,21.87,1018.999,0
2021-09-18 21:12:39.237972,21,68,21.87,1019,0
2021-09-18 21:12:44.364135,21,68,21.87,1018.997,0
2021-09-18 21:12:49.454969,21,69,21.87,1019.002,0
2021-09-18 21:12:54.541651,21,69,21.86,1018.998,0
2021-09-18 21:12:59.715312,21,69,21.87,1019.008,0
2021-09-18 21:13:04.827569,21,69,21.86,1018.993,0
2021-09-18 21:13:09.938347,21,68,21.86,1018.991,0
2021-09-18 21:13:15.075755,21,68,21.86,1019.003,0
2021-09-18 21:13:20.194385,21,68,21.86,1019.005,0
2021-09-18 21:13:25.317240,21,68,21.86,1018.999,0
2021-09-18 21:13:30.408674,21,68,21.86,1019.001,0
2021-09-18 21:13:35.505727,21,68,21.86,1019.003,0
2021-09-18 21:13:40.671181,21,68,21.86,1019.011,0
2021-09-18 21:13:45.760152,21,69,21.86,1019.009,0
2021-09-18 21:13:50.907145,21,68,21.86,1019.022,0
2021-09-18 21:13:56.031818,21,68,21.85,1019.008,0
2021-09-18 21:14:01.155148,21,68,21.86,1019.01,0
2021-09-18 21:14:06.266857,21,68,21.86,1019.007,0
2021-09-18 21:14:11.356157,21,68,21.86,1019.009,0
2021-09-18 21:14:16.449600,21,68,21.86,1019.01,0
2021-09-18 21:14:21.639294,21,68,21.85,1019,0
2021-09-18 21:14:26.753472,21,68,21.85,1019.008,0
2021-09-18 21:14:31.881396,21,68,21.85,1019.007,0
2021-09-18 21:14:36.976375,21,68,21.85,1019.008,0
2021-09-18 21:14:42.119986,21,68,21.85,1019.01,0
2021-09-18 21:14:47.230002,21,69,21.85,1019.006,0
2021-09-18 21:14:52.353196,21,69,21.85,1019.01,0
2021-09-18 21:14:57.445963,21,68,21.85,1019.011,0
2021-09-18 21:15:02.532809,21,68,21.85,1019.013,0
2021-09-18 21:15:07.711439,21,68,21.85,1019.021,0
2021-09-18 21:15:12.840583,21,68,21.85,1019.014,0
2021-09-18 21:15:17.960772,21,68,21.85,1019.012,0
2021-09-18 21:15:23.070793,21,68,21.85,1019.012,0
2021-09-18 21:15:28.236380,21,68,21.85,1019.018,0
2021-09-18 21:15:33.422265,21,69,21.85,1019.014,0
2021-09-18 21:15:38.533759,21,69,21.85,1019.011,0
2021-09-18 21:15:43.663285,21,69,21.85,1019.007,0
2021-09-18 21:15:48.778545,21,69,21.85,1019.011,0
2021-09-18 21:15:53.898275,21,68,21.85,1019.012,0
2021-09-18 21:15:59.013104,21,69,21.85,1019.012,0
2021-09-18 21:16:04.138915,21,69,21.84,1019.007,0
2021-09-18 21:16:09.248445,21,68,21.85,1019.014,0
2021-09-18 21:16:14.387022,21,69,21.84,1019.014,0
2021-09-18 21:16:19.491923,21,69,21.85,1019.017,0
2021-09-18 21:16:24.629732,21,68,21.85,1019.022,0
2021-09-18 21:16:29.741485,21,68,21.85,1019.034,0
2021-09-18 21:16:34.860790,21,68,21.85,1019.034,0
2021-09-18 21:16:39.984928,21,68,21.85,1019.025,0
2021-09-18 21:16:45.093945,21,68,21.84,1019.023,0
2021-09-18 21:16:50.224281,21,68,21.84,1019.032,0
2021-09-18 21:16:55.324098,21,69,21.84,1019.032,0
2021-09-18 21:17:00.414877,21,69,21.85,1019.03,0
2021-09-18 21:17:05.515724,21,68,21.85,1019.032,0
2021-09-18 21:17:10.696849,21,68,21.85,1019.032,0
2021-09-18 21:17:15.830224,21,68,21.84,1019.028,0
2021-09-18 21:17:20.939234,21,68,21.84,1019.023,0
2021-09-18 21:17:26.061039,21,68,21.84,1019.018,0
2021-09-18 21:17:31.155878,21,68,21.84,1019.012,0
2021-09-18 21:17:36.302524,21,68,21.84,1019.009,0
2021-09-18 21:17:41.397700,21,68,21.84,1019.008,0
2021-09-18 21:17:46.493045,21,69,21.84,1019.013,0
2021-09-18 21:17:51.649830,21,69,21.84,1019.013,0
2021-09-18 21:17:56.782803,21,69,21.84,1019.017,0
2021-09-18 21:18:01.887266,21,69,21.84,1019.018,0
2021-09-18 21:18:07.015508,21,69,21.84,1019.021,0
2021-09-18 21:18:12.139433,21,69,21.84,1019.013,0
2021-09-18 21:18:17.250172,21,69,21.84,1019.001,0
2021-09-18 21:18:22.368250,21,69,21.84,1018.998,0
2021-09-18 21:18:27.455316,21,69,21.84,1019.005,0
2021-09-18 21:18:32.609517,21,69,21.84,1019.01,0
2021-09-18 21:18:37.744676,21,69,21.84,1019.018,0
2021-09-18 21:18:42.854800,21,69,21.84,1019.019,0
2021-09-18 21:18:47.947601,21,68,21.84,1019.023,0
2021-09-18 21:18:53.100723,21,68,21.84,1019.029,0
2021-09-18 21:18:58.187964,21,68,21.84,1019.024,0
2021-09-18 21:19:03.325063,21,68,21.84,1019.022,0
2021-09-18 21:19:08.422030,21,69,21.84,1019.022,0
2021-09-18 21:19:13.513054,21,69,21.83,1019.016,0
2021-09-18 21:19:18.696543,21,68,21.83,1019.011,0
2021-09-18 21:19:23.820413,21,68,21.83,1019.009,0
2021-09-18 21:19:28.946459,21,68,21.83,1019.01,0
2021-09-18 21:19:34.051049,21,68,21.83,1019.008,0
2021-09-18 21:19:39.181303,21,68,21.83,1019.005,0
2021-09-18 21:19:44.298585,21,68,21.83,1019.005,0
2021-09-18 21:19:49.384294,21,68,21.82,1019.003,0
2021-09-18 21:19:54.479051,21,68,21.82,1019.009,0
2021-09-18 21:19:59.661793,21,68,21.82,1019.003,0
2021-09-18 21:20:04.766750,21,68,21.82,1018.999,0
2021-09-18 21:20:09.902010,21,69,21.82,1019.002,0
2021-09-18 21:20:15.023202,21,68,21.82,1019.004,0
2021-09-18 21:20:20.136729,21,68,21.82,1019.005,0
2021-09-18 21:20:25.228237,21,68,21.82,1019.005,0
2021-09-18 21:20:30.372997,21,69,21.82,1019.005,0
2021-09-18 21:20:35.463463,21,69,21.82,1019.012,0
2021-09-18 21:20:40.615550,21,69,21.82,1019.01,0
2021-09-18 21:20:45.736579,21,69,21.82,1018.999,0
2021-09-18 21:20:50.858615,21,69,21.82,1019.002,0
2021-09-18 21:20:55.972362,21,69,21.82,1018.994,0
2021-09-18 21:21:01.057609,21,68,21.82,1018.994,0
2021-09-18 21:21:06.213035,21,68,21.82,1018.994,0
2021-09-18 21:21:11.345538,21,68,21.82,1018.992,0
2021-09-18 21:21:16.473936,21,69,21.82,1018.994,0
2021-09-18 21:21:21.576571,21,69,21.82,1018.999,0
2021-09-18 21:21:26.696434,21,69,21.82,1018.995,0
2021-09-18 21:21:31.803841,21,69,21.82,1018.995,0
2021-09-18 21:21:36.943996,21,68,21.82,1018.997,0
2021-09-18 21:21:42.062458,21,69,21.82,1018.992,0
2021-09-18 21:21:47.178265,21,68,21.82,1018.995,0
2021-09-18 21:21:52.300565,21,68,21.82,1018.992,0
2021-09-18 21:21:57.411584,21,69,21.82,1018.985,0
2021-09-18 21:22:02.507312,21,68,21.82,1018.983,0
2021-09-18 21:22:07.651856,21,68,21.81,1018.981,0
2021-09-18 21:22:12.779053,21,68,21.81,1018.985,0
2021-09-18 21:22:17.893254,21,69,21.82,1018.992,0
2021-09-18 21:22:23.020997,21,69,21.82,1019.003,0
2021-09-18 21:22:28.137407,21,69,21.82,1019.01,0
2021-09-18 21:22:33.266554,21,69,21.82,1019.015,0
2021-09-18 21:22:38.373460,21,68,21.82,1019.011,0
2021-09-18 21:22:43.484527,21,68,21.82,1019.009,0
2021-09-18 21:22:48.619245,21,68,21.82,1019.005,0
2021-09-18 21:22:53.738950,21,68,21.82,1019.007,0
2021-09-18 21:22:58.866456,21,68,21.82,1019.002,0
2021-09-18 21:23:03.981307,21,69,21.82,1018.999,0
2021-09-18 21:23:09.100442,21,69,21.82,1018.995,0
2021-09-18 21:23:14.223295,21,69,21.82,1018.985,0
2021-09-18 21:23:19.306902,21,69,21.82,1018.993,0
2021-09-18 21:23:24.400144,21,68,21.82,1018.994,0
2021-09-18 21:23:29.483892,21,68,21.82,1018.99,0
2021-09-18 21:23:34.594670,21,68,21.82,1018.987,0
2021-09-18 21:23:39.717118,21,68,21.81,1018.985,0
2021-09-18 21:23:44.833251,21,68,21.81,1018.982,0
2021-09-18 21:23:49.949071,21,69,21.81,1018.986,0
2021-09-18 21:23:55.064925,21,70,21.81,1018.987,0
2021-09-18 21:24:00.200612,21,70,21.81,1018.984,0
2021-09-18 21:24:05.314499,21,69,21.81,1018.977,0
2021-09-18 21:24:10.399372,21,69,21.81,1018.977,0
2021-09-18 21:24:15.486346,21,68,21.81,1018.98,0
2021-09-18 21:24:20.670545,21,68,21.81,1018.978,0
2021-09-18 21:24:25.793893,21,69,21.81,1018.977,0
2021-09-18 21:24:30.904248,21,69,21.81,1018.977,0
2021-09-18 21:24:36.032076,21,69,21.81,1018.977,0
2021-09-18 21:24:41.152564,21,69,21.81,1018.977,0
2021-09-18 21:24:46.275722,21,68,21.81,1018.983,0
2021-09-18 21:24:51.362736,21,68,21.81,1018.992,0
2021-09-18 21:24:56.452911,21,68,21.81,1018.987,0
2021-09-18 21:25:01.639189,21,69,21.81,1018.991,0
2021-09-18 21:25:06.750255,21,69,21.81,1018.987,0
2021-09-18 21:25:11.874400,21,69,21.81,1018.975,0
2021-09-18 21:25:16.987089,21,69,21.81,1018.977,0
2021-09-18 21:25:22.119604,21,69,21.8,1018.973,0
2021-09-18 21:25:27.226586,21,70,21.8,1018.97,0
2021-09-18 21:25:32.358949,21,70,21.81,1018.977,0
2021-09-18 21:25:37.456206,21,69,21.81,1018.982,0
2021-09-18 21:25:42.546068,21,69,21.81,1018.987,0
2021-09-18 21:25:47.713185,21,69,21.81,1018.98,0
2021-09-18 21:25:52.839711,21,69,21.81,1018.985,0
2021-09-18 21:25:57.959573,21,69,21.8,1018.986,0
2021-09-18 21:26:03.075833,21,69,21.8,1018.984,0
2021-09-18 21:26:08.187724,21,68,21.8,1018.972,0
2021-09-18 21:26:13.306690,21,68,21.8,1018.971,0
2021-09-18 21:26:18.404821,21,68,21.8,1018.967,0
2021-09-18 21:26:23.501991,21,68,21.8,1018.968,0
2021-09-18 21:26:28.675364,21,68,21.8,1018.966,0
2021-09-18 21:26:33.763914,21,69,21.8,1018.966,0
2021-09-18 21:26:38.925630,21,70,21.8,1018.972,0
2021-09-18 21:26:44.032419,21,69,21.8,1018.974,0
2021-09-18 21:26:49.161286,21,69,21.8,1018.974,0
2021-09-18 21:26:54.279279,21,69,21.8,1018.976,0
2021-09-18 21:26:59.400988,21,69,21.8,1018.982,0
2021-09-18 21:27:04.521231,21,69,21.8,1018.979,0
2021-09-18 21:27:09.635928,21,70,21.8,1018.976,0
2021-09-18 21:27:14.757997,21,69,21.8,1018.972,0
2021-09-18 21:27:19.878752,21,69,21.79,1018.971,0
2021-09-18 21:27:24.994806,21,68,21.79,1018.971,0
2021-09-18 21:27:30.124537,21,68,21.79,1018.964,0
2021-09-18 21:27:35.236945,21,68,21.79,1018.973,0
2021-09-18 21:27:40.364722,21,68,21.79,1018.973,0
2021-09-18 21:27:45.493828,21,69,21.79,1018.975,0
2021-09-18 21:27:50.596392,21,70,21.79,1018.966,0
2021-09-18 21:27:55.721835,21,70,21.79,1018.969,0
2021-09-18 21:28:00.828326,21,70,21.79,1018.966,0
2021-09-18 21:28:05.958943,21,70,21.79,1018.955,0
2021-09-18 21:28:11.076827,21,69,21.78,1018.946,0
2021-09-18 21:28:16.201628,21,69,21.79,1018.948,0
2021-09-18 21:28:21.317932,21,69,21.79,1018.951,0
2021-09-18 21:28:26.436180,21,69,21.79,1018.953,0
2021-09-18 21:28:31.560567,21,69,21.79,1018.953,0
2021-09-18 21:28:36.681237,21,69,21.79,1018.96,0
2021-09-18 21:28:41.798825,21,68,21.79,1018.956,0
2021-09-18 21:28:46.906376,21,69,21.78,1018.958,0
2021-09-18 21:28:52.036709,21,69,21.78,1018.959,0
2021-09-18 21:28:57.149823,21,69,21.79,1018.966,0
2021-09-18 21:29:02.275917,21,69,21.78,1018.961,0
2021-09-18 21:29:07.410335,21,69,21.78,1018.962,0
2021-09-18 21:29:12.531647,21,69,21.78,1018.959,0
2021-09-18 21:29:17.635428,21,69,21.78,1018.958,0
2021-09-18 21:29:22.766519,21,69,21.78,1018.952,0
2021-09-18 21:29:27.881759,21,68,21.78,1018.954,0
2021-09-18 21:29:32.995671,21,69,21.78,1018.959,0
2021-09-18 21:29:38.122076,21,69,21.78,1018.958,0
2021-09-18 21:29:43.240856,21,69,21.78,1018.959,0
2021-09-18 21:29:48.369264,21,68,21.78,1018.96,0
2021-09-18 21:29:53.475529,21,68,21.78,1018.964,0
2021-09-18 21:29:58.597134,21,68,21.78,1018.96,0
2021-09-18 21:30:03.720588,21,68,21.78,1018.959,0
2021-09-18 21:30:08.830831,21,68,21.78,1018.957,0
2021-09-18 21:30:13.953301,21,68,21.78,1018.962,0
2021-09-18 21:30:19.069130,21,69,21.78,1018.96,0
2021-09-18 21:30:24.206039,21,69,21.78,1018.957,0
2021-09-18 21:30:29.316036,21,69,21.78,1018.957,0
2021-09-18 21:30:34.440993,21,69,21.78,1018.953,0
2021-09-18 21:30:39.555063,21,69,21.78,1018.957,0
2021-09-18 21:30:44.673035,21,69,21.78,1018.963,0
2021-09-18 21:30:49.806000,21,69,21.78,1018.965,0
2021-09-18 21:30:54.921859,21,68,21.78,1018.962,0
2021-09-18 21:31:00.038899,21,68,21.78,1018.955,0
2021-09-18 21:31:05.254176,21,68,21.78,1018.956,0
2021-09-18 21:31:10.377444,21,68,21.78,1018.97,0
2021-09-18 21:31:15.463994,21,68,21.78,1018.979,0
2021-09-18 21:31:20.719507,21,68,21.78,1018.983,0
2021-09-18 21:31:25.943605,21,68,21.78,1018.977,0
2021-09-18 21:31:31.260396,21,69,21.78,1018.975,0
2021-09-18 21:31:36.383938,21,69,21.78,1018.967,0
2021-09-18 21:31:41.491193,21,69,21.78,1018.961,0
2021-09-18 21:31:46.617434,21,69,21.78,1018.968,0
2021-09-18 21:31:51.711068,21,69,21.78,1018.97,0
2021-09-18 21:31:56.873271,21,69,21.77,1018.964,0
2021-09-18 21:32:02.597776,21,69,21.77,1018.964,0
2021-09-18 21:32:07.724016,21,69,21.77,1018.96,0
2021-09-18 21:32:12.943095,21,69,21.77,1018.964,0
2021-09-18 21:32:18.161862,21,69,21.77,1018.969,0
2021-09-18 21:32:23.288866,21,68,21.78,1018.971,0
2021-09-18 21:32:28.398037,21,68,21.78,1018.973,0
2021-09-18 21:32:33.488568,21,68,21.78,1018.97,0
2021-09-18 21:32:38.652859,21,69,21.77,1018.964,0
2021-09-18 21:32:43.774686,21,69,21.77,1018.966,0
2021-09-18 21:32:48.895201,21,69,21.77,1018.959,0
2021-09-18 21:32:54.012273,21,69,21.77,1018.959,0
2021-09-18 21:32:59.426427,21,69,21.77,1018.964,0
2021-09-18 21:33:04.519008,21,69,21.77,1018.968,0
2021-09-18 21:33:09.618948,21,69,21.77,1018.967,0
2021-09-18 21:33:14.792267,21,69,21.77,1018.97,0
2021-09-18 21:33:19.922014,21,69,21.77,1018.968,0
2021-09-18 21:33:25.049159,21,69,21.77,1018.972,0
2021-09-18 21:33:30.151175,21,69,21.77,1018.977,0
2021-09-18 21:33:35.538308,21,69,21.77,1018.977,0
2021-09-18 21:33:40.696149,21,69,21.77,1018.982,0
2021-09-18 21:33:45.823686,21,69,21.78,1018.986,0
2021-09-18 21:33:50.918107,21,69,21.77,1018.984,0
2021-09-18 21:33:56.016046,21,69,21.77,1018.982,0
2021-09-18 21:34:01.183052,21,69,21.78,1018.988,0
2021-09-18 21:34:06.321374,21,69,21.78,1018.988,0
2021-09-18 21:34:11.408645,21,69,21.77,1018.986,0
2021-09-18 21:34:16.492931,21,69,21.77,1018.982,0
2021-09-18 21:34:21.665393,21,69,21.77,1018.975,0
2021-09-18 21:34:26.777285,21,69,21.77,1018.967,0
2021-09-18 21:34:31.901341,21,69,21.77,1018.967,0
2021-09-18 21:34:37.022972,21,68,21.77,1018.962,0
2021-09-18 21:34:42.146114,21,69,21.77,1018.962,0
2021-09-18 21:34:47.253052,21,69,21.77,1018.958,0
2021-09-18 21:34:52.378011,21,70,21.77,1018.958,0
2021-09-18 21:34:57.499014,21,69,21.77,1018.961,0
2021-09-18 21:35:02.614791,21,69,21.77,1018.965,0
2021-09-18 21:35:07.745028,21,69,21.77,1018.961,0
2021-09-18 21:35:12.857376,21,69,21.77,1018.97,0
2021-09-18 21:35:18.393777,21,70,21.77,1018.975,0
2021-09-18 21:35:23.622966,21,70,21.77,1018.969,0
2021-09-18 21:35:29.061669,21,69,21.77,1018.967,0
2021-09-18 21:35:34.270578,21,69,21.77,1018.977,0
2021-09-18 21:35:39.378590,21,69,21.77,1018.984,0
2021-09-18 21:35:44.468676,21,69,21.77,1018.984,0
2021-09-18 21:35:49.621888,21,69,21.77,1018.983,0
2021-09-18 21:35:54.737366,21,69,21.77,1018.998,0
2021-09-18 21:35:59.868384,21,69,21.77,1019.001,0
2021-09-18 21:36:04.956642,21,70,21.77,1018.996,0
2021-09-18 21:36:10.109907,21,69,21.77,1018.994,0
2021-09-18 21:36:15.213970,21,69,21.77,1018.984,0
2021-09-18 21:36:20.344607,21,69,21.77,1018.979,0
2021-09-18 21:36:25.438983,21,70,21.77,1018.975,0
2021-09-18 21:36:30.523280,21,70,21.77,1018.977,0
2021-09-18 21:36:35.690723,21,70,21.77,1018.98,0
2021-09-18 21:36:40.822061,21,70,21.77,1018.967,0
2021-09-18 21:36:46.037322,21,69,21.77,1018.965,0
2021-09-18 21:36:51.165839,21,69,21.77,1018.97,0
2021-09-18 21:36:56.293521,21,69,21.77,1018.972,0
2021-09-18 21:37:01.407971,21,69,21.77,1018.965,0
2021-09-18 21:37:06.523907,21,69,21.77,1018.97,0
2021-09-18 21:37:11.951980,21,69,21.77,1018.973,0
2021-09-18 21:37:17.038759,21,69,21.77,1018.978,0
2021-09-18 21:37:22.200941,21,69,21.77,1018.977,0
2021-09-18 21:37:27.311804,21,70,21.77,1018.977,0
2021-09-18 21:37:32.404065,21,70,21.77,1018.986,0
2021-09-18 21:37:37.499422,21,70,21.76,1018.974,0
2021-09-18 21:37:42.985810,21,69,21.76,1018.971,0
2021-09-18 21:37:48.092829,21,69,21.76,1018.971,0
2021-09-18 21:37:53.215105,21,69,21.76,1018.971,0
2021-09-18 21:37:58.342146,21,69,21.76,1018.973,0
2021-09-18 21:38:03.471771,21,69,21.76,1018.971,0
2021-09-18 21:38:08.582675,21,69,21.76,1018.979,0
2021-09-18 21:38:13.707169,21,69,21.76,1018.978,0
2021-09-18 21:38:18.825176,21,69,21.76,1018.967,0
2021-09-18 21:38:23.938512,21,70,21.76,1018.967,0
2021-09-18 21:38:29.153983,21,69,21.76,1018.97,0
2021-09-18 21:38:34.283989,21,69,21.76,1018.964,0
2021-09-18 21:38:39.387828,21,69,21.76,1018.969,0
2021-09-18 21:38:44.476929,21,69,21.76,1018.975,0
2021-09-18 21:38:49.649119,21,69,21.76,1018.973,0
2021-09-18 21:38:54.766431,21,69,21.76,1018.977,0
2021-09-18 21:38:59.886253,21,69,21.76,1018.972,0
2021-09-18 21:39:05.011641,21,69,21.76,1018.97,0
2021-09-18 21:39:10.125061,21,69,21.76,1018.977,0
2021-09-18 21:39:15.350577,21,69,21.76,1018.97,0
2021-09-18 21:39:20.663812,21,69,21.76,1018.969,0
2021-09-18 21:39:25.798544,21,69,21.76,1018.964,0
2021-09-18 21:39:30.915477,21,69,21.76,1018.957,0
2021-09-18 21:39:36.030508,21,69,21.76,1018.962,0
2021-09-18 21:39:41.143680,21,69,21.76,1018.969,0
2021-09-18 21:39:46.479096,21,70,21.76,1018.974,0
2021-09-18 21:39:51.729504,21,69,21.76,1018.975,0
2021-09-18 21:39:56.926320,21,69,21.76,1018.977,0
2021-09-18 21:40:02.042199,21,69,21.76,1018.97,0
2021-09-18 21:40:07.166504,21,69,21.76,1018.965,0
2021-09-18 21:40:12.282675,21,69,21.76,1018.964,0
2021-09-18 21:40:17.398937,21,69,21.76,1018.962,0
2021-09-18 21:40:22.527378,21,69,21.76,1018.964,0
2021-09-18 21:40:27.642029,21,69,21.76,1018.967,0
2021-09-18 21:40:32.768468,21,69,21.76,1018.966,0
2021-09-18 21:40:37.881414,21,69,21.76,1018.967,0
2021-09-18 21:40:43.001734,21,69,21.76,1018.959,0
2021-09-18 21:40:48.129900,21,69,21.76,1018.96,0
2021-09-18 21:40:53.552862,21,69,21.76,1018.959,0
2021-09-18 21:40:58.667995,21,69,21.76,1018.955,0
2021-09-18 21:41:03.795030,21,69,21.76,1018.947,0
2021-09-18 21:41:08.909165,21,70,21.75,1018.943,0
2021-09-18 21:41:14.023348,21,70,21.75,1018.952,0
2021-09-18 21:41:19.149221,21,70,21.76,1018.955,0
2021-09-18 21:41:24.271686,21,70,21.75,1018.953,0
2021-09-18 21:41:29.354023,21,69,21.75,1018.95,0
2021-09-18 21:41:34.452224,21,69,21.76,1018.945,0
2021-09-18 21:41:39.550949,21,69,21.76,1018.943,0
2021-09-18 21:41:44.636207,21,69,21.76,1018.938,0
2021-09-18 21:41:49.769851,21,70,21.75,1018.935,0
2021-09-18 21:41:54.880827,21,70,21.75,1018.938,0
2021-09-18 21:41:59.995275,21,70,21.75,1018.945,0
2021-09-18 21:42:05.129906,21,70,21.75,1018.943,0
2021-09-18 21:42:10.343104,21,70,21.75,1018.945,0
2021-09-18 21:42:15.436165,21,70,21.75,1018.935,0
2021-09-18 21:42:20.531427,21,69,21.75,1018.942,0
2021-09-18 21:42:25.712977,21,70,21.75,1018.943,0
2021-09-18 21:42:30.824251,21,70,21.75,1018.946,0
2021-09-18 21:42:36.048279,21,70,21.75,1018.941,0
2021-09-18 21:42:41.169281,21,70,21.75,1018.953,0
2021-09-18 21:42:46.299655,21,70,21.75,1018.958,0
2021-09-18 21:42:51.417289,21,70,21.75,1018.958,0
2021-09-18 21:42:56.528456,21,70,21.75,1018.952,0
2021-09-18 21:43:01.655466,21,70,21.75,1018.948,0
2021-09-18 21:43:07.180263,21,71,21.75,1018.938,0
2021-09-18 21:43:12.310266,21,71,21.75,1018.933,0
2021-09-18 21:43:17.420318,21,71,21.76,1018.934,0
2021-09-18 21:43:22.540286,21,70,21.76,1018.937,0
2021-09-18 21:43:27.649596,21,70,21.76,1018.932,0
2021-09-18 21:43:32.782528,21,70,21.76,1018.939,0
2021-09-18 21:43:37.904757,21,70,21.76,1018.94,0
2021-09-18 21:43:43.321184,21,70,21.76,1018.949,0
2021-09-18 21:43:48.409961,21,70,21.76,1018.961,0
2021-09-18 21:43:53.667468,21,70,21.76,1018.961,0
2021-09-18 21:43:58.782516,21,70,21.76,1018.957,0
2021-09-18 21:44:03.905176,21,71,21.76,1018.959,0
2021-09-18 21:44:09.240353,21,70,21.76,1018.958,0
2021-09-18 21:44:14.365110,21,70,21.76,1018.946,0
2021-09-18 21:44:19.481807,21,70,21.76,1018.941,0
2021-09-18 21:44:24.600948,21,69,21.76,1018.932,0
2021-09-18 21:44:29.812373,21,70,21.76,1018.931,0
2021-09-18 21:44:34.933933,21,70,21.76,1018.934,0
2021-09-18 21:44:40.066090,21,70,21.76,1018.935,0
2021-09-18 21:44:45.179327,21,70,21.76,1018.933,0
2021-09-18 21:44:50.291508,21,69,21.76,1018.931,0
2021-09-18 21:44:55.389660,21,70,21.76,1018.933,0
2021-09-18 21:45:00.479601,21,70,21.76,1018.934,0
2021-09-18 21:45:05.659456,21,70,21.76,1018.934,0
2021-09-18 21:45:10.783594,21,69,21.76,1018.94,0
2021-09-18 21:45:15.897194,21,69,21.76,1018.939,0
2021-09-18 21:45:21.020704,21,70,21.76,1018.933,0
2021-09-18 21:45:26.142458,21,69,21.76,1018.934,0
2021-09-18 21:45:31.253231,21,69,21.76,1018.931,0
2021-09-18 21:45:36.488783,21,69,21.76,1018.929,0
2021-09-18 21:45:41.595587,21,69,21.76,1018.929,0
2021-09-18 21:45:47.015351,21,69,21.76,1018.932,0
2021-09-18 21:45:52.151558,21,70,21.76,1018.945,0
2021-09-18 21:45:57.267630,21,70,21.76,1018.94,0
2021-09-18 21:46:02.382859,21,70,21.76,1018.94,0
2021-09-18 21:46:07.506464,21,70,21.76,1018.947,0
2021-09-18 21:46:12.627344,21,70,21.76,1018.95,0
2021-09-18 21:46:17.752406,21,70,21.76,1018.947,0
2021-09-18 21:46:22.866281,21,70,21.76,1018.947,0
2021-09-18 21:46:27.984495,21,70,21.75,1018.938,0
2021-09-18 21:46:33.109206,21,70,21.75,1018.937,0
2021-09-18 21:46:38.222425,21,70,21.75,1018.937,0
2021-09-18 21:46:43.311593,21,70,21.75,1018.937,0
2021-09-18 21:46:48.402188,21,70,21.75,1018.942,0
2021-09-18 21:46:53.495838,21,70,21.76,1018.947,0
2021-09-18 21:46:58.600865,21,70,21.76,1018.953,0
2021-09-18 21:47:03.717618,21,70,21.76,1018.95,0
2021-09-18 21:47:08.840792,21,70,21.76,1018.943,0
2021-09-18 21:47:13.968440,21,70,21.75,1018.938,0
2021-09-18 21:47:19.091692,21,69,21.75,1018.947,0
2021-09-18 21:47:24.521949,21,69,21.76,1018.955,0
2021-09-18 21:47:29.616417,21,69,21.76,1018.952,0
2021-09-18 21:47:34.753678,21,69,21.76,1018.943,0
2021-09-18 21:47:39.863281,21,69,21.76,1018.948,0
2021-09-18 21:47:44.986496,21,70,21.76,1018.945,0
2021-09-18 21:47:50.114266,21,70,21.76,1018.948,0
2021-09-18 21:47:55.231413,21,70,21.76,1018.945,0
2021-09-18 21:48:00.359463,21,70,21.76,1018.944,0
2021-09-18 21:48:05.457039,21,69,21.76,1018.934,0
2021-09-18 21:48:10.545523,21,70,21.76,1018.934,0
2021-09-18 21:48:15.716232,21,70,21.76,1018.932,0
2021-09-18 21:48:20.835017,21,70,21.75,1018.933,0
2021-09-18 21:48:25.956563,21,70,21.75,1018.933,0
2021-09-18 21:48:31.078405,21,70,21.75,1018.94,0
2021-09-18 21:48:36.194515,21,70,21.76,1018.937,0
2021-09-18 21:48:41.309653,21,70,21.76,1018.93,0
2021-09-18 21:48:46.404756,21,70,21.76,1018.93,0
2021-09-18 21:48:51.500487,21,70,21.75,1018.93,0
2021-09-18 21:48:56.590805,21,70,21.75,1018.927,0
2021-09-18 21:49:01.887677,21,70,21.75,1018.937,0
2021-09-18 21:49:07.120546,21,70,21.75,1018.94,0
2021-09-18 21:49:12.646126,21,70,21.75,1018.95,0
2021-09-18 21:49:17.737095,21,69,21.75,1018.953,0
2021-09-18 21:49:22.890030,21,69,21.76,1018.962,0
2021-09-18 21:49:27.999289,21,69,21.76,1018.958,0
2021-09-18 21:49:33.129252,21,69,21.76,1018.957,0
2021-09-18 21:49:38.243899,21,70,21.76,1018.965,0
2021-09-18 21:49:43.365471,21,70,21.76,1018.965,0
2021-09-18 21:49:48.450195,21,70,21.76,1018.969,0
2021-09-18 21:49:53.604530,21,70,21.76,1018.97,0
2021-09-18 21:49:58.724567,21,70,21.76,1018.96,0
2021-09-18 21:50:03.841580,21,70,21.76,1018.952,0
2021-09-18 21:50:08.970730,21,70,21.76,1018.954,0
2021-09-18 21:50:14.083720,21,70,21.76,1018.955,0
2021-09-18 21:50:19.206550,21,71,21.76,1018.959,0
2021-09-18 21:50:24.328524,21,71,21.76,1018.959,0
2021-09-18 21:50:29.415014,21,71,21.76,1018.948,0
2021-09-18 21:50:34.507139,21,70,21.76,1018.948,0
2021-09-18 21:50:39.683748,21,70,21.76,1018.953,0
2021-09-18 21:50:44.775570,21,70,21.75,1018.95,0
2021-09-18 21:50:49.927215,21,70,21.76,1018.952,0
2021-09-18 21:50:55.050564,21,70,21.76,1018.952,0
2021-09-18 21:51:00.159745,21,70,21.76,1018.949,0
2021-09-18 21:51:05.281607,21,70,21.76,1018.95,0
2021-09-18 21:51:10.370060,21,69,21.76,1018.947,0
2021-09-18 21:51:15.467474,21,69,21.76,1018.947,0
2021-09-18 21:51:20.646887,21,69,21.76,1018.957,0
2021-09-18 21:51:25.772719,21,70,21.76,1018.962,0
2021-09-18 21:51:30.884195,21,70,21.76,1018.967,0
2021-09-18 21:51:36.000425,21,70,21.76,1018.97,0
2021-09-18 21:51:41.095100,21,70,21.76,1018.97,0
2021-09-18 21:51:46.182173,21,70,21.76,1018.967,0
2021-09-18 21:51:51.358938,21,70,21.76,1018.97,0
2021-09-18 21:51:56.448149,21,70,21.76,1018.962,0
2021-09-18 21:52:01.596760,21,70,21.76,1018.955,0
2021-09-18 21:52:06.724015,21,70,21.76,1018.955,0
2021-09-18 21:52:11.812649,21,70,21.76,1018.957,0
2021-09-18 21:52:16.963559,21,71,21.76,1018.963,0
2021-09-18 21:52:22.080212,21,71,21.76,1018.97,0
2021-09-18 21:52:27.202454,21,71,21.76,1018.973,0
2021-09-18 21:52:32.322142,21,70,21.76,1018.972,0
2021-09-18 21:52:37.417445,21,70,21.76,1018.969,0
2021-09-18 21:52:42.514495,21,70,21.76,1018.97,0
2021-09-18 21:52:47.693091,21,70,21.76,1018.972,0
2021-09-18 21:52:52.812213,21,70,21.76,1018.971,0
2021-09-18 21:52:57.926165,21,70,21.76,1018.977,0
2021-09-18 21:53:03.039968,21,70,21.76,1018.969,0
2021-09-18 21:53:08.472706,21,70,21.76,1018.959,0
2021-09-18 21:53:13.597809,21,70,21.76,1018.952,0
2021-09-18 21:53:18.710615,21,70,21.76,1018.95,0
2021-09-18 21:53:23.844743,21,70,21.76,1018.954,0
2021-09-18 21:53:28.957721,21,70,21.76,1018.96,0
2021-09-18 21:53:34.072630,21,70,21.76,1018.962,0
2021-09-18 21:53:39.197604,21,70,21.76,1018.965,0
2021-09-18 21:53:44.314851,21,70,21.76,1018.97,0
2021-09-18 21:53:49.449614,21,71,21.76,1018.965,0
2021-09-18 21:53:54.553076,21,70,21.76,1018.962,0
2021-09-18 21:53:59.670218,21,70,21.76,1018.962,0
2021-09-18 21:54:04.788111,21,70,21.76,1018.963,0
2021-09-18 21:54:09.912146,21,70,21.76,1018.967,0
2021-09-18 21:54:15.036281,21,70,21.76,1018.97,0
2021-09-18 21:54:20.266130,21,71,21.76,1018.973,0
2021-09-18 21:54:25.370575,21,71,21.76,1018.974,0
2021-09-18 21:54:30.464930,21,70,21.76,1018.969,0
2021-09-18 21:54:35.618010,21,70,21.76,1018.964,0
2021-09-18 21:54:40.735672,21,70,21.76,1018.966,0
2021-09-18 21:54:45.857298,21,70,21.76,1018.957,0
2021-09-18 21:54:50.951572,21,70,21.76,1018.957,0
2021-09-18 21:54:56.101281,21,70,21.76,1018.959,0
2021-09-18 21:55:01.213221,21,70,21.76,1018.969,0
2021-09-18 21:55:06.333265,21,70,21.76,1018.982,0
2021-09-18 21:55:11.421211,21,70,21.76,1018.99,0
2021-09-18 21:55:16.512279,21,70,21.76,1018.997,0
2021-09-18 21:55:21.688184,21,70,21.76,1018.999,0
2021-09-18 21:55:26.818046,21,71,21.77,1018.999,0
2021-09-18 21:55:31.939237,21,71,21.76,1018.984,0
2021-09-18 21:55:37.054367,21,72,21.76,1018.976,0
2021-09-18 21:55:42.170443,21,72,21.77,1018.985,0
2021-09-18 21:55:47.297385,21,71,21.76,1018.986,0
2021-09-18 21:55:52.390257,21,71,21.76,1018.981,0
2021-09-18 21:55:57.487316,21,71,21.76,1018.974,0
2021-09-18 21:56:02.652458,21,70,21.76,1018.974,0
2021-09-18 21:56:07.775127,21,71,21.76,1018.976,0
2021-09-18 21:56:12.858535,21,71,21.76,1018.969,0
2021-09-18 21:56:17.955085,21,70,21.76,1018.967,0
2021-09-18 21:56:23.145599,21,70,21.76,1018.965,0
2021-09-18 21:56:28.254398,21,70,21.76,1018.972,0
2021-09-18 21:56:33.382433,21,70,21.76,1018.978,0
2021-09-18 21:56:38.467587,21,71,21.76,1018.981,0
2021-09-18 21:56:43.613941,21,70,21.76,1018.984,0
2021-09-18 21:56:48.735103,21,71,21.76,1018.982,0
2021-09-18 21:56:53.863851,21,70,21.76,1018.976,0
2021-09-18 21:56:58.980423,21,70,21.76,1018.974,0
2021-09-18 21:57:04.094408,21,70,21.76,1018.977,0
2021-09-18 21:57:09.179284,21,70,21.76,1018.982,0
2021-09-18 21:57:14.332567,21,70,21.76,1018.985,0
2021-09-18 21:57:19.420393,21,70,21.76,1018.98,0
2021-09-18 21:57:24.516540,21,70,21.76,1018.982,0
2021-09-18 21:57:29.696082,21,71,21.76,1018.984,0
2021-09-18 21:57:34.807308,21,71,21.76,1018.987,0
2021-09-18 21:57:39.930291,21,70,21.76,1018.98,0
2021-09-18 21:57:45.066555,21,70,21.76,1018.979,0
2021-09-18 21:57:50.179628,21,70,21.76,1018.984,0
2021-09-18 21:57:55.297110,21,70,21.76,1018.992,0
2021-09-18 21:58:00.384593,21,70,21.77,1018.998,0
2021-09-18 21:58:05.480831,21,70,21.76,1018.992,0
2021-09-18 21:58:10.651001,21,70,21.77,1018.998,0
2021-09-18 21:58:15.777869,21,70,21.77,1018.994,0
2021-09-18 21:58:20.904359,21,70,21.76,1018.987,0
2021-09-18 21:58:26.011464,21,70,21.76,1018.986,0
2021-09-18 21:58:31.196604,21,71,21.76,1018.989,0
2021-09-18 21:58:36.289992,21,71,21.76,1018.987,0
2021-09-18 21:58:41.475902,21,71,21.76,1018.989,0
2021-09-18 21:58:46.597042,21,71,21.76,1018.99,0
2021-09-18 21:58:51.727194,21,71,21.76,1018.993,0
2021-09-18 21:58:56.836271,21,70,21.76,1018.999,0
2021-09-18 21:59:01.965177,21,70,21.76,1019,0
2021-09-18 21:59:07.080508,21,70,21.76,1019.004,0
2021-09-18 21:59:12.199345,21,70,21.76,1018.997,0
2021-09-18 21:59:17.318813,21,70,21.76,1018.992,0
2021-09-18 21:59:22.440918,21,70,21.76,1018.985,0
2021-09-18 21:59:27.556721,21,70,21.76,1018.982,0
2021-09-18 21:59:32.688534,21,70,21.76,1018.987,0
2021-09-18 21:59:37.798581,21,70,21.76,1018.982,0
2021-09-18 21:59:42.928489,21,70,21.76,1018.98,0
2021-09-18 21:59:48.040565,21,70,21.76,1018.976,0
2021-09-18 21:59:53.161647,21,70,21.76,1018.983,0
2021-09-18 21:59:58.275777,21,70,21.76,1018.99,0
2021-09-18 22:00:03.408209,21,70,21.76,1019,0
2021-09-18 22:00:08.534740,21,70,21.76,1018.994,0
2021-09-18 22:00:13.657314,21,70,21.76,1018.989,0
2021-09-18 22:00:18.753209,21,70,21.76,1018.985,0
2021-09-18 22:00:23.838038,21,70,21.76,1018.99,0
2021-09-18 22:00:29.000558,21,70,21.76,1018.99,0
2021-09-18 22:00:34.220747,21,70,21.76,1018.988,0
2021-09-18 22:00:39.315442,21,70,21.76,1018.989,0
2021-09-18 22:00:44.673096,21,71,21.76,1018.978,0
2021-09-18 22:00:49.790175,21,71,21.76,1018.977,0
2021-09-18 22:00:54.902146,21,71,21.76,1018.98,0
2021-09-18 22:01:00.034633,21,71,21.76,1018.983,0
2021-09-18 22:01:05.159316,21,72,21.76,1018.98,0
2021-09-18 22:01:10.271093,21,71,21.76,1018.992,0
2021-09-18 22:01:15.687749,21,71,21.76,1018.998,0
2021-09-18 22:01:20.825084,21,71,21.76,1019.002,0
2021-09-18 22:01:25.953282,21,70,21.76,1019.003,0
2021-09-18 22:01:31.058496,21,70,21.76,1019.002,0
2021-09-18 22:01:36.185195,21,70,21.76,1018.996,0
2021-09-18 22:01:41.334656,21,70,21.76,1019,0
2021-09-18 22:01:46.440504,21,70,21.76,1018.996,0
2021-09-18 22:01:51.629585,21,70,21.76,1018.991,0
2021-09-18 22:01:56.746664,21,70,21.76,1018.991,0
2021-09-18 22:02:01.885036,21,70,21.76,1018.986,0
2021-09-18 22:02:06.994105,21,70,21.75,1018.986,0
2021-09-18 22:02:12.114241,21,71,21.75,1018.985,0
2021-09-18 22:02:17.226520,21,71,21.75,1018.99,0
2021-09-18 22:02:22.359512,21,71,21.75,1019.003,0
2021-09-18 22:02:27.455413,21,70,21.75,1019.011,0
2021-09-18 22:02:32.549196,21,70,21.75,1019.014,0
2021-09-18 22:02:37.726989,21,71,21.75,1019.001,0
2021-09-18 22:02:42.833618,21,71,21.75,1019.001,0
2021-09-18 22:02:47.958037,21,71,21.76,1019.014,0
2021-09-18 22:02:53.078645,21,71,21.75,1019.013,0
2021-09-18 22:02:58.204476,21,71,21.75,1019.021,0
2021-09-18 22:03:03.318862,21,71,21.75,1019.023,0
2021-09-18 22:03:08.410659,21,70,21.76,1019.024,0
2021-09-18 22:03:13.508228,21,70,21.76,1019.024,0
2021-09-18 22:03:18.602736,21,70,21.76,1019.026,0
2021-09-18 22:03:23.792592,21,70,21.75,1019.018,0
2021-09-18 22:03:28.916883,21,70,21.75,1019.018,0
2021-09-18 22:03:34.033037,21,70,21.75,1019.019,0
2021-09-18 22:03:39.157396,21,70,21.75,1019.012,0
2021-09-18 22:03:44.282591,21,70,21.75,1019.013,0
2021-09-18 22:03:49.366470,21,71,21.75,1019.013,0
2021-09-18 22:03:54.452873,21,71,21.75,1019.007,0
2021-09-18 22:03:59.651009,21,71,21.75,1019.009,0
2021-09-18 22:04:04.761080,21,70,21.75,1019.016,0
2021-09-18 22:04:09.874968,21,70,21.75,1019.009,0
2021-09-18 22:04:14.997080,21,71,21.75,1019.007,0
2021-09-18 22:04:20.124104,21,70,21.75,1019.019,0
2021-09-18 22:04:25.240516,21,70,21.75,1019.028,0
2021-09-18 22:04:30.360111,21,70,21.75,1019.032,0
2021-09-18 22:04:35.464663,21,70,21.75,1019.041,0
2021-09-18 22:04:40.600924,21,70,21.75,1019.034,0
2021-09-18 22:04:45.712737,21,70,21.75,1019.024,0
2021-09-18 22:04:50.828966,21,71,21.75,1019.023,0
2021-09-18 22:04:55.962225,21,70,21.75,1019.018,0
2021-09-18 22:05:01.082471,21,70,21.75,1019.019,0
2021-09-18 22:05:06.211669,21,71,21.75,1019.022,0
2021-09-18 22:05:11.311915,21,71,21.75,1019.019,0
2021-09-18 22:05:16.401853,21,70,21.75,1019.016,0
2021-09-18 22:05:21.493293,21,71,21.75,1019.016,0
2021-09-18 22:05:26.674982,21,70,21.75,1019.018,0
2021-09-18 22:05:31.793062,21,70,21.75,1019.016,0
2021-09-18 22:05:36.926670,21,70,21.75,1019.016,0
2021-09-18 22:05:42.032332,21,70,21.75,1019.012,0
2021-09-18 22:05:47.158502,21,70,21.75,1019.019,0
2021-09-18 22:05:52.283790,21,70,21.75,1019.024,0
2021-09-18 22:05:57.374607,21,71,21.75,1019.029,0
2021-09-18 22:06:02.465966,21,71,21.75,1019.029,0
2021-09-18 22:06:07.629319,21,71,21.75,1019.028,0
2021-09-18 22:06:12.766273,21,71,21.75,1019.017,0
2021-09-18 22:06:17.877554,21,71,21.75,1019.019,0
2021-09-18 22:06:23.007789,21,70,21.75,1019.015,0
2021-09-18 22:06:28.118180,21,70,21.75,1019.015,0
2021-09-18 22:06:33.229529,21,71,21.75,1019.024,0
2021-09-18 22:06:38.370073,21,71,21.75,1019.022,0
2021-09-18 22:06:43.483871,21,71,21.75,1019.019,0
2021-09-18 22:06:48.595816,21,70,21.75,1019.023,0
2021-09-18 22:06:53.715634,21,70,21.75,1019.018,0
2021-09-18 22:06:58.840165,21,70,21.75,1019.007,0
2021-09-18 22:07:03.972076,21,70,21.75,1019.011,0
2021-09-18 22:07:09.082199,21,70,21.75,1019.011,0
2021-09-18 22:07:14.197502,21,70,21.75,1019.014,0
2021-09-18 22:07:19.325378,21,70,21.75,1019.023,0
2021-09-18 22:07:24.435135,21,71,21.75,1019.016,0
2021-09-18 22:07:29.519208,21,71,21.75,1019.017,0
2021-09-18 22:07:34.677116,21,70,21.75,1019.023,0
2021-09-18 22:07:39.763567,21,70,21.75,1019.024,0
2021-09-18 22:07:44.915440,21,70,21.75,1019.024,0
2021-09-18 22:07:50.054335,21,70,21.75,1019.026,0
2021-09-18 22:07:55.163775,21,70,21.75,1019.029,0
2021-09-18 22:08:00.276880,21,70,21.75,1019.034,0
2021-09-18 22:08:05.369414,21,70,21.75,1019.032,0
2021-09-18 22:08:10.488080,21,70,21.75,1019.036,0
2021-09-18 22:08:15.637205,21,70,21.75,1019.041,0
2021-09-18 22:08:20.752860,21,70,21.75,1019.039,0
2021-09-18 22:08:25.869610,21,70,21.75,1019.03,0
2021-09-18 22:08:30.992869,21,70,21.75,1019.027,0
2021-09-18 22:08:36.113480,21,70,21.75,1019.027,0
2021-09-18 22:08:41.247949,21,70,21.75,1019.032,0
2021-09-18 22:08:46.356128,21,70,21.75,1019.04,0
2021-09-18 22:08:51.454339,21,70,21.75,1019.039,0
2021-09-18 22:08:56.595362,21,70,21.75,1019.039,0
2021-09-18 22:09:01.716319,21,70,21.75,1019.042,0
2021-09-18 22:09:06.817043,21,70,21.75,1019.034,0
2021-09-18 22:09:11.962393,21,70,21.75,1019.03,0
2021-09-18 22:09:17.078830,21,70,21.75,1019.025,0
2021-09-18 22:09:22.163092,21,70,21.75,1019.024,0
2021-09-18 22:09:27.319138,21,70,21.75,1019.022,0
2021-09-18 22:09:32.413728,21,70,21.75,1019.012,0
2021-09-18 22:09:37.500910,21,70,21.75,1019.007,0
2021-09-18 22:09:42.689471,21,70,21.75,1019.01,0
2021-09-18 22:09:47.790206,21,70,21.75,1019.007,0
2021-09-18 22:09:52.910925,21,70,21.75,1019.006,0
2021-09-18 22:09:58.042709,21,70,21.75,1019.01,0
2021-09-18 22:10:03.155137,21,70,21.75,1019.02,0
2021-09-18 22:10:08.283033,21,70,21.75,1019.024,0
2021-09-18 22:10:13.376946,21,70,21.75,1019.022,0
2021-09-18 22:10:18.466870,21,70,21.75,1019.02,0
2021-09-18 22:10:23.632124,21,70,21.75,1019.022,0
2021-09-18 22:10:28.761518,21,69,21.75,1019.029,0
2021-09-18 22:10:33.873865,21,70,21.76,1019.039,0
2021-09-18 22:10:39.003791,21,70,21.76,1019.037,0
2021-09-18 22:10:44.127965,21,70,21.76,1019.041,0
2021-09-18 22:10:49.237850,21,70,21.75,1019.044,0
2021-09-18 22:10:54.334595,21,70,21.75,1019.041,0
2021-09-18 22:10:59.424302,21,70,21.75,1019.042,0
2021-09-18 22:11:04.595186,21,70,21.75,1019.039,0
2021-09-18 22:11:09.720489,21,70,21.75,1019.03,0
2021-09-18 22:11:14.836991,21,70,21.75,1019.028,0
2021-09-18 22:11:19.967783,21,70,21.75,1019.019,0
2021-09-18 22:11:25.083296,21,70,21.75,1019.017,0
2021-09-18 22:11:30.203586,21,70,21.75,1019.011,0
2021-09-18 22:11:35.312038,21,70,21.75,1019.007,0
2021-09-18 22:11:40.406737,21,70,21.75,1019.011,0
2021-09-18 22:11:45.499737,21,71,21.75,1018.999,0
2021-09-18 22:11:50.681993,21,70,21.75,1018.997,0
2021-09-18 22:11:55.790420,21,70,21.75,1018.994,0
2021-09-18 22:12:00.879921,21,70,21.75,1018.992,0
2021-09-18 22:12:06.038463,21,70,21.75,1018.992,0
2021-09-18 22:12:11.162118,21,70,21.75,1018.997,0
2021-09-18 22:12:16.273495,21,71,21.75,1019.004,0
2021-09-18 22:12:21.356292,21,71,21.75,1019.006,0
2021-09-18 22:12:26.440947,21,71,21.75,1019.002,0
2021-09-18 22:12:31.628480,21,71,21.75,1019.006,0
2021-09-18 22:12:36.765139,21,70,21.75,1019.006,0
2021-09-18 22:12:41.879091,21,71,21.75,1019.001,0
2021-09-18 22:12:47.004796,21,71,21.75,1018.997,0
2021-09-18 22:12:52.158806,21,71,21.75,1018.996,0
2021-09-18 22:12:57.351103,21,71,21.75,1018.999,0
2021-09-18 22:13:02.469320,21,71,21.75,1018.999,0
2021-09-18 22:13:07.568344,21,71,21.75,1019.001,0
2021-09-18 22:13:12.699060,21,70,21.75,1018.992,0
2021-09-18 22:13:17.818926,21,70,21.75,1019.002,0
2021-09-18 22:13:22.948062,21,70,21.75,1019.004,0
2021-09-18 22:13:28.053419,21,70,21.75,1019.001,0
2021-09-18 22:13:33.176121,21,70,21.75,1018.999,0
2021-09-18 22:13:38.306729,21,70,21.75,1018.997,0
2021-09-18 22:13:43.430744,21,71,21.75,1018.994,0
2021-09-18 22:13:48.541537,21,71,21.75,1018.992,0
2021-09-18 22:13:53.656212,21,71,21.74,1018.998,0
2021-09-18 22:13:58.792302,21,71,21.74,1019.006,0
2021-09-18 22:14:03.898898,21,72,21.75,1019.013,0
2021-09-18 22:14:09.022778,21,71,21.74,1019.011,0
2021-09-18 22:14:14.135631,21,71,21.75,1019.012,0
2021-09-18 22:14:19.251127,21,71,21.75,1019.01,0
2021-09-18 22:14:24.346659,21,72,21.75,1019.005,0
2021-09-18 22:14:29.441842,21,72,21.75,1019.004,0
2021-09-18 22:14:34.622924,21,72,21.75,1019.006,0
2021-09-18 22:14:39.743378,21,71,21.76,1018.992,19.16667
2021-09-18 22:14:44.863626,21,71,21.78,1018.967,25.83333
2021-09-18 22:14:49.975110,21,70,21.78,1018.95,29.16667
2021-09-18 22:14:55.115745,21,70,21.78,1018.945,20.83333
2021-09-18 22:15:00.222421,21,69,21.79,1018.948,25.83333
2021-09-18 22:15:05.345399,21,69,21.8,1018.945,21.66667
2021-09-18 22:15:10.431972,21,70,21.82,1018.951,22.5
2021-09-18 22:15:15.574252,21,70,21.83,1018.949,22.5
2021-09-18 22:15:20.692446,21,70,21.84,1018.943,22.5
2021-09-18 22:15:25.812013,21,70,21.86,1018.941,22.5
2021-09-18 22:15:30.968824,21,69,21.86,1018.93,22.5
2021-09-18 22:15:36.067674,21,69,21.87,1018.939,25
2021-09-18 22:15:41.179344,21,69,21.89,1018.96,24.16667
2021-09-18 22:15:46.301144,21,69,21.9,1018.962,24.16667
2021-09-18 22:15:51.392338,21,69,21.91,1018.962,24.16667
2021-09-18 22:15:56.476202,21,69,21.92,1018.96,25
2021-09-18 22:16:01.663055,21,69,21.93,1018.962,11.66667
2021-09-18 22:16:06.780356,21,68,21.95,1018.955,21.66667
2021-09-18 22:16:11.903541,21,68,21.96,1018.947,20.83333
2021-09-18 22:16:17.021940,21,68,21.97,1018.942,22.5
2021-09-18 22:16:22.113809,21,68,21.98,1018.934,23.33333
2021-09-18 22:16:27.277331,21,68,21.99,1018.931,25.83333
2021-09-18 22:16:32.380742,21,68,21.99,1018.929,26.66667
2021-09-18 22:16:37.518658,2147483647,2147483647,185.35,103.2529,-1
2021-09-18 22:16:42.675610,2147483647,2147483647,185.45,103.2529,-1
2021-09-18 22:16:47.884630,2147483647,2147483647,185.55,103.2529,-1
2021-09-18 22:16:53.109308,2147483647,2147483647,185.65,103.2529,-1
2021-09-18 22:16:58.241189,2147483647,2147483647,185.75,103.2529,-1
2021-09-18 22:17:03.459306,2147483647,2147483647,184.6,103.2529,-1
2021-09-18 22:17:08.606411,2147483647,2147483647,184.7,103.2529,-1
2021-09-18 22:17:13.798215,2147483647,2147483647,184.8,103.2529,-1
2021-09-18 22:17:19.026399,2147483647,2147483647,184.9,103.2529,-1
2021-09-18 22:17:24.238226,2147483647,2147483647,185,103.2529,-1
2021-09-18 22:17:29.476459,2147483647,2147483647,185.1,103.2529,-1
2021-09-18 22:17:34.620314,2147483647,2147483647,185.19,103.2529,-1
2021-09-18 22:17:39.762217,2147483647,2147483647,185.29,103.2529,-1
2021-09-18 22:17:44.896358,2147483647,2147483647,185.39,103.2529,-1
2021-09-18 22:17:50.056860,2147483647,2147483647,185.48,103.2529,-1
2021-09-18 22:17:55.196894,2147483647,2147483647,185.58,103.2529,-1
2021-09-18 22:18:00.601211,2147483647,2147483647,185.68,103.2529,-1
2021-09-18 22:18:05.803190,2147483647,2147483647,185.78,103.2529,-1
2021-09-18 22:18:11.044195,2147483647,2147483647,184.64,103.2529,-1
2021-09-18 22:18:16.261585,2147483647,2147483647,184.74,103.2529,-1
2021-09-18 22:18:21.396897,2147483647,2147483647,184.84,103.2529,-1
2021-09-18 22:18:26.533830,2147483647,2147483647,184.94,103.2529,-1
2021-09-18 22:18:31.725689,2147483647,2147483647,185.03,103.2529,-1
2021-09-18 22:18:36.956396,2147483647,2147483647,185.13,103.2529,-1
2021-09-18 22:18:42.165416,2147483647,2147483647,185.23,103.2529,-1
2021-09-18 22:18:47.389531,2147483647,2147483647,185.33,103.2529,-1
2021-09-18 22:18:52.532770,2147483647,2147483647,185.43,103.2529,-1
2021-09-18 22:18:57.740218,2147483647,2147483647,185.53,103.2529,-1
2021-09-18 22:19:02.950796,2147483647,2147483647,185.62,103.2529,-1
2021-09-18 22:19:08.175136,2147483647,2147483647,185.72,103.2529,-1
2021-09-18 22:19:13.405075,2147483647,2147483647,185.82,103.2529,-1
2021-09-18 22:19:18.537916,2147483647,2147483647,184.68,103.2529,-1
2021-09-18 22:19:23.743786,2147483647,2147483647,184.78,103.2529,-1
2021-09-18 22:19:28.961758,2147483647,2147483647,184.88,103.2529,-1
2021-09-18 22:19:34.191857,2147483647,2147483647,184.98,103.2529,-1
2021-09-18 22:19:39.411642,2147483647,2147483647,185.07,103.2529,-1
2021-09-18 22:19:44.551303,2147483647,2147483647,185.17,103.2529,-1
2021-09-18 22:19:49.749821,2147483647,2147483647,185.27,103.2529,-1
2021-09-18 22:19:54.985630,2147483647,2147483647,185.37,103.2529,-1
2021-09-18 22:20:00.192497,2147483647,2147483647,185.47,103.2529,-1
2021-09-18 22:20:05.425330,2147483647,2147483647,185.57,103.2529,-1
2021-09-18 22:20:10.637689,2147483647,2147483647,185.66,103.2529,-1
2021-09-18 22:20:15.854738,2147483647,2147483647,185.76,103.2529,-1
2021-09-18 22:20:21.082742,2147483647,2147483647,184.62,103.2529,-1
2021-09-18 22:20:26.304121,2147483647,2147483647,184.72,103.2529,-1
2021-09-18 22:20:31.434168,2147483647,2147483647,184.82,103.2529,-1
2021-09-18 22:20:36.645464,2147483647,2147483647,184.92,103.2529,-1
2021-09-18 22:20:41.877963,2147483647,2147483647,185.01,103.2529,-1
2021-09-18 22:20:47.100235,2147483647,2147483647,185.12,103.2529,-1
2021-09-18 22:20:52.324058,2147483647,2147483647,185.21,103.2529,-1
2021-09-18 22:20:57.465841,2147483647,2147483647,185.31,103.2529,-1
2021-09-18 22:21:02.668380,2147483647,2147483647,185.41,103.2529,-1
2021-09-18 22:21:07.874755,2147483647,2147483647,185.51,103.2529,-1
2021-09-18 22:21:13.113429,2147483647,2147483647,185.61,103.2529,-1
2021-09-18 22:21:18.327308,2147483647,2147483647,185.71,103.2529,-1
2021-09-18 22:21:23.464790,2147483647,2147483647,185.8,103.2529,-1
2021-09-18 22:21:28.678654,2147483647,2147483647,184.66,103.2529,-1
2021-09-18 22:21:33.888563,2147483647,2147483647,184.76,103.2529,-1
2021-09-18 22:21:39.125675,2147483647,2147483647,184.86,103.2529,-1
2021-09-18 22:21:44.337945,2147483647,2147483647,184.96,103.2529,-1
2021-09-18 22:21:49.488355,2147483647,2147483647,185.05,103.2529,-1
2021-09-18 22:21:54.694299,2147483647,2147483647,185.15,103.2529,-1
2021-09-18 22:21:59.908776,2147483647,2147483647,185.25,103.2529,-1
2021-09-18 22:38:18.811175,22,61,22.73,1018.764,9.166666
2021-09-18 22:38:23.897084,22,63,22.73,1018.784,9.166666
2021-09-18 22:38:29.043206,22,64,22.72,1018.79,10
2021-09-18 22:38:34.172849,22,64,22.72,1018.793,9.166666
2021-09-18 22:38:39.288603,22,64,22.71,1018.799,9.166666
2021-09-18 22:38:44.414409,22,63,22.7,1018.798,9.166666
2021-09-18 22:38:49.520790,22,63,22.7,1018.811,95
2021-09-18 22:38:54.613209,22,64,22.69,1018.813,9.166666
2021-09-18 22:40:02.858645,22,63,22.88,1018.92,0.833333
2021-09-18 22:40:07.951884,22,64,22.86,1018.926,0.833333
2021-09-18 22:40:13.081625,22,65,22.84,1018.94,0.833333
2021-09-18 22:40:18.220608,22,65,22.83,1018.945,1.666667
2021-09-18 22:40:23.336159,22,65,22.81,1018.941,0
2021-09-18 22:40:28.434411,22,65,22.79,1018.93,0
2021-09-18 22:40:33.569122,22,65,22.78,1018.93,0
2021-09-18 22:40:38.891259,22,65,22.76,1018.934,0
2021-09-18 22:40:44.122104,22,66,22.74,1018.937,0
2021-09-18 22:40:49.241534,22,66,22.73,1018.94,0
2021-09-18 22:40:54.363213,22,66,22.71,1018.936,0
2021-09-18 22:40:59.461297,22,66,22.7,1018.934,0
2021-09-18 22:41:04.559151,22,66,22.68,1018.933,0
2021-09-18 22:41:09.710113,22,67,22.66,1018.938,0
2021-09-18 22:41:14.836907,22,67,22.65,1018.94,0
2021-09-18 22:41:19.941163,22,67,22.63,1018.947,0
2021-09-18 22:41:25.068879,22,67,22.61,1018.956,0
2021-09-18 22:41:30.186925,22,67,22.6,1018.961,0
2021-09-18 22:41:35.309289,22,67,22.59,1018.956,0
2021-09-18 22:41:40.409131,22,67,22.57,1018.962,0
2021-09-18 22:41:45.501903,22,67,22.56,1018.969,0
2021-09-18 22:41:50.665836,22,67,22.54,1018.971,0
2021-09-18 22:41:55.780115,22,68,22.53,1018.967,0
2021-09-18 22:42:00.910695,22,68,22.51,1018.962,0
2021-09-18 22:42:06.039395,21,68,22.5,1018.957,0
2021-09-18 22:42:11.155431,21,68,22.48,1018.958,0
2021-09-18 22:42:16.274028,21,68,22.47,1018.969,0
2021-09-18 22:42:21.361535,21,68,22.47,1018.986,0
2021-09-18 22:42:26.458516,21,68,22.46,1018.994,0
2021-09-18 22:42:31.633073,21,68,22.44,1019.002,0
2021-09-18 22:42:36.753578,21,68,22.44,1019.021,0
2021-09-18 22:42:41.888810,21,67,22.43,1019.03,0
2021-09-18 22:42:46.982559,21,67,22.42,1019.029,0
2021-09-18 22:42:50.367174,21,67,22.41,1019.035,0
